
release/vikhr30_ecu_v0.9.elf:	file format elf32-littlearm

Disassembly of section .text:

080000ec <USB_LP_CAN1_RX0_IRQHandler>:
 80000ec:      	b	0x80000ec <USB_LP_CAN1_RX0_IRQHandler> @ imm = #-0x4
 80000ee:      	bmi	0x800009a <vector_table+0x9a> @ imm = #-0x58

080000f0 <Reset_Handler>:
 80000f0:      	push	{r7, lr}
 80000f2:      	mov	r7, sp
 80000f4:      	movw	r0, #0x20
 80000f8:      	movw	r1, #0x0
 80000fc:      	movt	r0, #0x2000
 8000100:      	movt	r1, #0x2000
 8000104:      	cmp	r1, r0
 8000106:      	bhs	0x8000124 <Reset_Handler+0x34> @ imm = #0x1a
 8000108:      	movw	r1, #0x4628
 800010c:      	movw	r2, #0x0
 8000110:      	movt	r1, #0x800
 8000114:      	movt	r2, #0x2000
 8000118:      	ldr	r3, [r1], #4
 800011c:      	str	r3, [r2], #4
 8000120:      	cmp	r2, r0
 8000122:      	blo	0x8000118 <Reset_Handler+0x28> @ imm = #-0xe
 8000124:      	movw	r0, #0x1840
 8000128:      	movw	r1, #0x20
 800012c:      	movt	r0, #0x2000
 8000130:      	movt	r1, #0x2000
 8000134:      	cmp	r1, r0
 8000136:      	bhs	0x8000144 <Reset_Handler+0x54> @ imm = #0xa
 8000138:      	movs	r2, #0x0
 800013a:      	nop
 800013c:      	str	r2, [r1], #4
 8000140:      	cmp	r1, r0
 8000142:      	blo	0x800013c <Reset_Handler+0x4c> @ imm = #-0xa
 8000144:      	bl	0x80007a8 <main>        @ imm = #0x660
 8000148:      	b	0x8000148 <Reset_Handler+0x58> @ imm = #-0x4

0800014a <SysTick_Handler>:
 800014a:      	movw	r0, #0x20
 800014e:      	movt	r0, #0x2000
 8000152:      	ldr	r1, [r0]
 8000154:      	adds	r1, #0x1
 8000156:      	str	r1, [r0]
 8000158:      	bx	lr

0800015a <USART1_IRQHandler>:
 800015a:      	movw	r0, #0x24
 800015e:      	movt	r0, #0x2000
 8000162:      	b.w	0x8000166 <serial_isr>  @ imm = #0x0

08000166 <serial_isr>:
 8000166:      	push	{r4, r6, r7, lr}
 8000168:      	add	r7, sp, #0x8
 800016a:      	ldr	r1, [r0]
 800016c:      	ldr	r2, [r1]
 800016e:      	tst.w	r2, #0x28
 8000172:      	beq	0x8000198 <serial_isr+0x32> @ imm = #0x22
 8000174:      	ldr.w	r12, [r1, #0x4]
 8000178:      	lsls	r3, r2, #0x1a
 800017a:      	bpl	0x8000198 <serial_isr+0x32> @ imm = #0x1a
 800017c:      	ldrh.w	lr, [r0, #0x4]
 8000180:      	ldrh	r4, [r0, #0x6]
 8000182:      	add.w	r3, lr, #0x1
 8000186:      	bfc	r3, #9, #23
 800018a:      	cmp	r3, r4
 800018c:      	ittt	ne
 800018e:      	addne.w	r4, r0, lr
 8000192:      	strbne.w	r12, [r4, #0xe]
 8000196:      	strhne	r3, [r0, #0x4]
 8000198:      	lsls	r2, r2, #0x18
 800019a:      	itt	mi
 800019c:      	ldrmi	r2, [r1, #0xc]
 800019e:      	lslsmi.w	r2, r2, #0x18
 80001a2:      	bmi	0x80001a6 <serial_isr+0x40> @ imm = #0x0
 80001a4:      	pop	{r4, r6, r7, pc}
 80001a6:      	ldrh	r2, [r0, #0xa]
 80001a8:      	ldrh	r3, [r0, #0x8]
 80001aa:      	cmp	r2, r3
 80001ac:      	bne	0x80001b8 <serial_isr+0x52> @ imm = #0x8
 80001ae:      	ldr	r0, [r1, #0xc]
 80001b0:      	bic	r0, r0, #0x80
 80001b4:      	str	r0, [r1, #0xc]
 80001b6:      	pop	{r4, r6, r7, pc}
 80001b8:      	adds	r3, r0, r2
 80001ba:      	ldrb.w	r3, [r3, #0x20e]
 80001be:      	str	r3, [r1, #0x4]
 80001c0:      	adds	r1, r2, #0x1
 80001c2:      	bfc	r1, #11, #21
 80001c6:      	strh	r1, [r0, #0xa]
 80001c8:      	pop	{r4, r6, r7, pc}

080001ca <USART2_IRQHandler>:
 80001ca:      	movw	r0, #0xaf4
 80001ce:      	movt	r0, #0x2000
 80001d2:      	b.w	0x8000166 <serial_isr>  @ imm = #-0x70

080001d6 <TIM2_IRQHandler>:
 80001d6:      	movs	r0, #0x10
 80001d8:      	movt	r0, #0x4000
 80001dc:      	ldr	r1, [r0]
 80001de:      	lsls	r1, r1, #0x1f
 80001e0:      	it	eq
 80001e2:      	beq.w	0x8000200 <sched_run>   @ imm = #0x1a
 80001e6:      	movw	r1, #0x15c4
 80001ea:      	movt	r1, #0x2000
 80001ee:      	ldr	r2, [r1]
 80001f0:      	add.w	r2, r2, #0x10000
 80001f4:      	str	r2, [r1]
 80001f6:      	mvn	r1, #0x1
 80001fa:      	str	r1, [r0]
 80001fc:      	b.w	0x8000200 <sched_run>   @ imm = #0x0

08000200 <sched_run>:
 8000200:      	push	{r4, r5, r6, r7, lr}
 8000202:      	add	r7, sp, #0xc
 8000204:      	push.w	{r8, r9, r10, r11}
 8000208:      	movw	r9, #0xc
 800020c:      	movw	r10, #0x15c4
 8000210:      	movw	r2, #0x17f4
 8000214:      	movw	r6, #0x17f8
 8000218:      	movw	r11, #0x45f8
 800021c:      	movw	lr, #0xc10
 8000220:      	movt	r9, #0x4000
 8000224:      	movt	r10, #0x2000
 8000228:      	movt	r2, #0x2000
 800022c:      	movs	r3, #0x1
 800022e:      	movt	r6, #0x2000
 8000232:      	movt	r11, #0x800
 8000236:      	movt	lr, #0x4001
 800023a:      	nop
 800023c:      	mrs	r4, primask
 8000240:      	cpsid i
 8000242:      	ldr.w	r1, [r10]
 8000246:      	ldr.w	r5, [r9, #0x18]
 800024a:      	ldr.w	r0, [r9, #0x4]
 800024e:      	lsls	r0, r0, #0x1f
 8000250:      	itt	ne
 8000252:      	ldrne.w	r5, [r9, #0x18]
 8000256:      	addne.w	r1, r1, #0x10000
 800025a:      	msr	primask, r4
 800025e:      	ldrb.w	r8, [r2]
 8000262:      	cmp.w	r8, #0x0
 8000266:      	beq	0x800031a <sched_run+0x11a> @ imm = #0xb0
 8000268:      	uxth	r0, r5
 800026a:      	add	r1, r0
 800026c:      	mvn	r5, #0x80000000
 8000270:      	mov.w	r12, #0x0
 8000274:      	lsl.w	r0, r3, r12
 8000278:      	tst.w	r0, r8
 800027c:      	beq	0x80002a8 <sched_run+0xa8> @ imm = #0x28
 800027e:      	ldr.w	r4, [r6, r12, lsl #2]
 8000282:      	subs	r4, r4, r1
 8000284:      	cmp	r4, #0x0
 8000286:      	ble	0x8000290 <sched_run+0x90> @ imm = #0x6
 8000288:      	cmp	r4, r5
 800028a:      	it	lt
 800028c:      	movlt	r5, r4
 800028e:      	b	0x80002a8 <sched_run+0xa8> @ imm = #0x16
 8000290:      	ldrb	r4, [r2]
 8000292:      	bic.w	r0, r4, r0
 8000296:      	uxtb.w	r4, r12
 800029a:      	cmp	r4, #0x4
 800029c:      	strb	r0, [r2]
 800029e:      	bhi	0x80002a8 <sched_run+0xa8> @ imm = #0x6
 80002a0:      	ldr.w	r0, [r11, r12, lsl #2]
 80002a4:      	str.w	r0, [lr]
 80002a8:      	add.w	r12, r12, #0x1
 80002ac:      	cmp.w	r12, #0x5
 80002b0:      	bne	0x8000274 <sched_run+0x74> @ imm = #-0x40
 80002b2:      	movs	r0, #0x1
 80002b4:      	movt	r0, #0x8000
 80002b8:      	movs	r4, #0x6
 80002ba:      	add	r0, r5
 80002bc:      	movt	r4, #0x8000
 80002c0:      	cmp	r0, r4
 80002c2:      	blo	0x800023c <sched_run+0x3c> @ imm = #-0x8a
 80002c4:      	movw	r0, #0x7530
 80002c8:      	cmp	r5, r0
 80002ca:      	it	ge
 80002cc:      	movge	r5, r0
 80002ce:      	add	r1, r5
 80002d0:      	uxth	r0, r1
 80002d2:      	str.w	r0, [r9, #0x28]
 80002d6:      	mvn	r0, #0x2
 80002da:      	str.w	r0, [r9, #0x4]
 80002de:      	ldr.w	r0, [r9]
 80002e2:      	orr	r0, r0, #0x2
 80002e6:      	str.w	r0, [r9]
 80002ea:      	mrs	r12, primask
 80002ee:      	cpsid i
 80002f0:      	ldr.w	r5, [r10]
 80002f4:      	ldr.w	r0, [r9, #0x18]
 80002f8:      	ldr.w	r4, [r9, #0x4]
 80002fc:      	lsls	r4, r4, #0x1f
 80002fe:      	itt	ne
 8000300:      	ldrne.w	r0, [r9, #0x18]
 8000304:      	addne.w	r5, r5, #0x10000
 8000308:      	uxth	r0, r0
 800030a:      	add	r0, r5
 800030c:      	subs	r0, r1, r0
 800030e:      	msr	primask, r12
 8000312:      	cmp	r0, #0x2
 8000314:      	blt.w	0x800023c <sched_run+0x3c> @ imm = #-0xdc
 8000318:      	b	0x8000326 <sched_run+0x126> @ imm = #0xa
 800031a:      	ldr.w	r0, [r9]
 800031e:      	bic	r0, r0, #0x2
 8000322:      	str.w	r0, [r9]
 8000326:      	pop.w	{r8, r9, r10, r11}
 800032a:      	pop	{r4, r5, r6, r7, pc}

0800032c <EXTI9_5_IRQHandler>:
 800032c:      	push	{r4, r5, r7, lr}
 800032e:      	add	r7, sp, #0x8
 8000330:      	movw	r0, #0x414
 8000334:      	movt	r0, #0x4001
 8000338:      	ldr	r1, [r0]
 800033a:      	lsls	r1, r1, #0x1a
 800033c:      	bpl.w	0x800053e <EXTI9_5_IRQHandler+0x212> @ imm = #0x1fe
 8000340:      	movs	r1, #0x20
 8000342:      	movs	r3, #0x10
 8000344:      	str	r1, [r0]
 8000346:      	movw	r0, #0x15c4
 800034a:      	movt	r3, #0x4000
 800034e:      	mrs	r12, primask
 8000352:      	cpsid i
 8000354:      	movt	r0, #0x2000
 8000358:      	ldr	r0, [r0]
 800035a:      	ldr	r1, [r3, #0x14]
 800035c:      	ldr	r2, [r3]
 800035e:      	lsls	r2, r2, #0x1f
 8000360:      	movw	r2, #0x15c8
 8000364:      	itt	ne
 8000366:      	ldrne	r1, [r3, #0x14]
 8000368:      	addne.w	r0, r0, #0x10000
 800036c:      	msr	primask, r12
 8000370:      	movt	r2, #0x2000
 8000374:      	ldrb	r3, [r2]
 8000376:      	uxth	r1, r1
 8000378:      	cmp	r3, #0x0
 800037a:      	add	r1, r0
 800037c:      	beq	0x80003f4 <EXTI9_5_IRQHandler+0xc8> @ imm = #0x74
 800037e:      	movw	r0, #0x15cc
 8000382:      	movt	r0, #0x2000
 8000386:      	ldr	r2, [r0]
 8000388:      	subs	r3, r1, r2
 800038a:      	cmp	r3, #0x32
 800038c:      	blo.w	0x800053e <EXTI9_5_IRQHandler+0x212> @ imm = #0x1ae
 8000390:      	movw	r2, #0x86a1
 8000394:      	movt	r2, #0x1
 8000398:      	cmp	r3, r2
 800039a:      	str	r1, [r0]
 800039c:      	blo	0x8000404 <EXTI9_5_IRQHandler+0xd8> @ imm = #0x64
 800039e:      	movw	r0, #0x15d0
 80003a2:      	movt	r0, #0x2000
 80003a6:      	ldrb	r1, [r0]
 80003a8:      	cbz	r1, 0x80003c4 <EXTI9_5_IRQHandler+0x98> @ imm = #0x18
 80003aa:      	movw	r2, #0x180c
 80003ae:      	mrs	r1, primask
 80003b2:      	cpsid i
 80003b4:      	movt	r2, #0x2000
 80003b8:      	ldrh	r3, [r2]
 80003ba:      	orr	r3, r3, #0x40
 80003be:      	strh	r3, [r2]
 80003c0:      	msr	primask, r1
 80003c4:      	movw	r1, #0x15d4
 80003c8:      	movt	r1, #0x2000
 80003cc:      	movs	r2, #0x0
 80003ce:      	str	r2, [r1]
 80003d0:      	strb	r2, [r0]
 80003d2:      	movw	r0, #0x0
 80003d6:      	movt	r0, #0x2000
 80003da:      	movs	r1, #0xff
 80003dc:      	strb	r1, [r0]
 80003de:      	movw	r0, #0x15d8
 80003e2:      	movt	r0, #0x2000
 80003e6:      	strh	r2, [r0]
 80003e8:      	movw	r0, #0x15da
 80003ec:      	movt	r0, #0x2000
 80003f0:      	strb	r2, [r0]
 80003f2:      	pop	{r4, r5, r7, pc}
 80003f4:      	movs	r0, #0x1
 80003f6:      	strb	r0, [r2]
 80003f8:      	movw	r0, #0x15cc
 80003fc:      	movt	r0, #0x2000
 8000400:      	str	r1, [r0]
 8000402:      	pop	{r4, r5, r7, pc}
 8000404:      	movw	r0, #0x15dc
 8000408:      	movt	r0, #0x2000
 800040c:      	str	r1, [r0]
 800040e:      	movw	r0, #0x15e0
 8000412:      	movt	r0, #0x2000
 8000416:      	movs	r2, #0x1
 8000418:      	movw	r4, #0x15d4
 800041c:      	strb	r2, [r0]
 800041e:      	movt	r4, #0x2000
 8000422:      	ldr	r2, [r4]
 8000424:      	cbz	r2, 0x8000482 <EXTI9_5_IRQHandler+0x156> @ imm = #0x5a
 8000426:      	add.w	r0, r3, r3, lsl #2
 800042a:      	cmp	r0, r2
 800042c:      	bls	0x8000482 <EXTI9_5_IRQHandler+0x156> @ imm = #0x52
 800042e:      	movw	r12, #0x15da
 8000432:      	movt	r12, #0x2000
 8000436:      	ldrb.w	r0, [r12]
 800043a:      	cmp	r0, #0x1
 800043c:      	bhi	0x80004a6 <EXTI9_5_IRQHandler+0x17a> @ imm = #0x66
 800043e:      	movw	lr, #0x15d0
 8000442:      	movt	lr, #0x2000
 8000446:      	ldrb.w	r0, [lr]
 800044a:      	cbz	r0, 0x8000466 <EXTI9_5_IRQHandler+0x13a> @ imm = #0x18
 800044c:      	movw	r2, #0x180c
 8000450:      	mrs	r0, primask
 8000454:      	cpsid i
 8000456:      	movt	r2, #0x2000
 800045a:      	ldrh	r5, [r2]
 800045c:      	orr	r5, r5, #0x40
 8000460:      	strh	r5, [r2]
 8000462:      	msr	primask, r0
 8000466:      	lsls	r2, r3, #0x3
 8000468:      	movw	r3, #0x0
 800046c:      	movs	r0, #0x0
 800046e:      	movt	r3, #0x2000
 8000472:      	movs	r5, #0xff
 8000474:      	str	r2, [r4]
 8000476:      	strb.w	r0, [lr]
 800047a:      	strb	r5, [r3]
 800047c:      	strb.w	r0, [r12]
 8000480:      	b	0x8000512 <EXTI9_5_IRQHandler+0x1e6> @ imm = #0x8e
 8000482:      	movw	r12, #0x15da
 8000486:      	movt	r12, #0x2000
 800048a:      	cbz	r2, 0x80004c4 <EXTI9_5_IRQHandler+0x198> @ imm = #0x36
 800048c:      	adds	r0, r2, #0x4
 800048e:      	ldrb.w	r5, [r12]
 8000492:      	sub.w	r0, r2, r0, lsr #3
 8000496:      	cmp	r5, #0xff
 8000498:      	add.w	r2, r0, r3
 800049c:      	beq	0x80004cc <EXTI9_5_IRQHandler+0x1a0> @ imm = #0x2c
 800049e:      	ldrb.w	r0, [r12]
 80004a2:      	adds	r3, r0, #0x1
 80004a4:      	b	0x80004c8 <EXTI9_5_IRQHandler+0x19c> @ imm = #0x20
 80004a6:      	movw	r0, #0x0
 80004aa:      	movt	r0, #0x2000
 80004ae:      	movs	r3, #0x0
 80004b0:      	strb	r3, [r0]
 80004b2:      	movw	r0, #0x15d0
 80004b6:      	movt	r0, #0x2000
 80004ba:      	movs	r5, #0x1
 80004bc:      	strb	r5, [r0]
 80004be:      	strb.w	r3, [r12]
 80004c2:      	b	0x8000512 <EXTI9_5_IRQHandler+0x1e6> @ imm = #0x4c
 80004c4:      	lsls	r2, r3, #0x3
 80004c6:      	movs	r3, #0x0
 80004c8:      	strb.w	r3, [r12]
 80004cc:      	movw	r3, #0x15d0
 80004d0:      	str	r2, [r4]
 80004d2:      	movt	r3, #0x2000
 80004d6:      	ldrb	r0, [r3]
 80004d8:      	cbz	r0, 0x8000512 <EXTI9_5_IRQHandler+0x1e6> @ imm = #0x36
 80004da:      	movw	r0, #0x0
 80004de:      	movt	r0, #0x2000
 80004e2:      	ldrb	r5, [r0]
 80004e4:      	cmp	r5, #0x22
 80004e6:      	blo	0x800050c <EXTI9_5_IRQHandler+0x1e0> @ imm = #0x22
 80004e8:      	movs	r5, #0x0
 80004ea:      	strb	r5, [r3]
 80004ec:      	movs	r3, #0xff
 80004ee:      	strb	r3, [r0]
 80004f0:      	movw	r3, #0x180c
 80004f4:      	mrs	r0, primask
 80004f8:      	cpsid i
 80004fa:      	movt	r3, #0x2000
 80004fe:      	ldrh	r5, [r3]
 8000500:      	orr	r5, r5, #0x40
 8000504:      	strh	r5, [r3]
 8000506:      	msr	primask, r0
 800050a:      	b	0x8000512 <EXTI9_5_IRQHandler+0x1e6> @ imm = #0x4
 800050c:      	ldrb	r3, [r0]
 800050e:      	adds	r3, #0x1
 8000510:      	strb	r3, [r0]
 8000512:      	movw	r0, #0x7355
 8000516:      	movt	r0, #0xcb
 800051a:      	udiv	r0, r0, r2
 800051e:      	movw	r3, #0x2ee0
 8000522:      	cmp	r0, r3
 8000524:      	it	lo
 8000526:      	movlo	r3, r0
 8000528:      	movw	r0, #0x15d8
 800052c:      	movt	r0, #0x2000
 8000530:      	strh	r3, [r0]
 8000532:      	movw	r0, #0x15e1
 8000536:      	movt	r0, #0x2000
 800053a:      	ldrb	r0, [r0]
 800053c:      	cbz	r0, 0x8000540 <EXTI9_5_IRQHandler+0x214> @ imm = #0x0
 800053e:      	pop	{r4, r5, r7, pc}
 8000540:      	movw	r0, #0x15d0
 8000544:      	movt	r0, #0x2000
 8000548:      	ldrb	r0, [r0]
 800054a:      	cmp	r0, #0x0
 800054c:      	beq	0x800053e <EXTI9_5_IRQHandler+0x212> @ imm = #-0x12
 800054e:      	movw	r0, #0x0
 8000552:      	movt	r0, #0x2000
 8000556:      	ldrb	r3, [r0]
 8000558:      	cbz	r3, 0x8000562 <EXTI9_5_IRQHandler+0x236> @ imm = #0x6
 800055a:      	ldrb	r3, [r0]
 800055c:      	cmp	r3, #0x12
 800055e:      	it	ne
 8000560:      	popne	{r4, r5, r7, pc}
 8000562:      	ldrb	r3, [r0]
 8000564:      	movs	r0, #0x2
 8000566:      	cmp	r3, #0x0
 8000568:      	it	eq
 800056a:      	moveq	r0, #0x1
 800056c:      	bl	0x8000578 <schedule_cylinder> @ imm = #0x8
 8000570:      	pop.w	{r4, r5, r7, lr}
 8000574:      	b.w	0x8000200 <sched_run>   @ imm = #-0x378

08000578 <schedule_cylinder>:
 8000578:      	push	{r4, r5, r6, r7, lr}
 800057a:      	add	r7, sp, #0xc
 800057c:      	push.w	{r8, r9, r10}
 8000580:      	movw	r3, #0x15d8
 8000584:      	movw	r6, #0x15e4
 8000588:      	movt	r3, #0x2000
 800058c:      	movt	r6, #0x2000
 8000590:      	ldrh	r3, [r3]
 8000592:      	ldrh.w	r5, [r6, #0x1ea]
 8000596:      	cmp	r3, r5
 8000598:      	bhs	0x80005c2 <schedule_cylinder+0x4a> @ imm = #0x26
 800059a:      	ldrh.w	r6, [r6, #0x1e8]
 800059e:      	cmp	r3, r6
 80005a0:      	bhs	0x80005e2 <schedule_cylinder+0x6a> @ imm = #0x3e
 80005a2:      	movw	r6, #0x180c
 80005a6:      	mrs	r3, primask
 80005aa:      	cpsid i
 80005ac:      	movt	r6, #0x2000
 80005b0:      	ldrh	r5, [r6]
 80005b2:      	mov.w	r8, #0x1
 80005b6:      	bic	r5, r5, #0x20
 80005ba:      	strh	r5, [r6]
 80005bc:      	msr	primask, r3
 80005c0:      	b	0x8000616 <schedule_cylinder+0x9e> @ imm = #0x52
 80005c2:      	movw	r6, #0x180c
 80005c6:      	mrs	r3, primask
 80005ca:      	cpsid i
 80005cc:      	movt	r6, #0x2000
 80005d0:      	ldrh	r5, [r6]
 80005d2:      	mov.w	r8, #0x0
 80005d6:      	orr	r5, r5, #0x20
 80005da:      	strh	r5, [r6]
 80005dc:      	msr	primask, r3
 80005e0:      	b	0x8000616 <schedule_cylinder+0x9e> @ imm = #0x32
 80005e2:      	movw	r3, #0x180e
 80005e6:      	movt	r3, #0x2000
 80005ea:      	ldrb	r6, [r3]
 80005ec:      	movw	r5, #0x180c
 80005f0:      	eor	r6, r6, #0x1
 80005f4:      	strb	r6, [r3]
 80005f6:      	ldrb	r3, [r3]
 80005f8:      	mrs	r6, primask
 80005fc:      	cpsid i
 80005fe:      	movt	r5, #0x2000
 8000602:      	ldrh	r4, [r5]
 8000604:      	clz	r3, r3
 8000608:      	orr	r4, r4, #0x20
 800060c:      	strh	r4, [r5]
 800060e:      	msr	primask, r6
 8000612:      	lsr.w	r8, r3, #0x5
 8000616:      	movw	r12, #0xc10
 800061a:      	movw	lr, #0x17f4
 800061e:      	movt	r12, #0x4001
 8000622:      	subs.w	r10, r0, #0x1
 8000626:      	mov	r4, r0
 8000628:      	movt	lr, #0x2000
 800062c:      	ldr	r6, [r12, #-8]
 8000630:      	it	ne
 8000632:      	movne.w	r10, #0x1
 8000636:      	cmp	r0, #0x1
 8000638:      	it	ne
 800063a:      	movne	r4, #0x3
 800063c:      	ldrb.w	r5, [lr]
 8000640:      	movs	r3, #0x1
 8000642:      	lsl.w	r9, r3, r4
 8000646:      	lsls	r3, r6, #0x13
 8000648:      	and.w	r6, r5, r9
 800064c:      	bpl	0x80006d2 <schedule_cylinder+0x15a> @ imm = #0x82
 800064e:      	cmp.w	r8, #0x0
 8000652:      	beq	0x80006d2 <schedule_cylinder+0x15a> @ imm = #0x7c
 8000654:      	cmp	r6, #0x0
 8000656:      	bne	0x800070c <schedule_cylinder+0x194> @ imm = #0xb2
 8000658:      	movw	r3, #0x12
 800065c:      	movw	r5, #0x14
 8000660:      	movt	r3, #0x2000
 8000664:      	movt	r5, #0x2000
 8000668:      	ldrsh.w	r3, [r3]
 800066c:      	ldrsh.w	r5, [r5]
 8000670:      	movw	r8, #0x17f8
 8000674:      	subs	r3, r3, r5
 8000676:      	cmp	r3, #0x32
 8000678:      	it	le
 800067a:      	movle	r3, #0x32
 800067c:      	movw	r5, #0x851f
 8000680:      	muls	r3, r2, r3
 8000682:      	movt	r5, #0x51eb
 8000686:      	umull	r3, r5, r3, r5
 800068a:      	movw	r3, #0x16
 800068e:      	movt	r3, #0x2000
 8000692:      	add.w	r1, r1, r5, lsr #8
 8000696:      	movt	r8, #0x2000
 800069a:      	ldrh	r6, [r3]
 800069c:      	str.w	r1, [r8, r4, lsl #2]
 80006a0:      	ldrb.w	r3, [lr]
 80006a4:      	add.w	r4, r6, #0x14
 80006a8:      	orr.w	r3, r3, r9
 80006ac:      	cmp.w	r4, r5, lsr #8
 80006b0:      	strb.w	r3, [lr]
 80006b4:      	bhs	0x80006e8 <schedule_cylinder+0x170> @ imm = #0x30
 80006b6:      	lsl.w	r0, r10, #0x1
 80006ba:      	subs	r1, r1, r6
 80006bc:      	str.w	r1, [r8, r0, lsl #2]
 80006c0:      	movs	r1, #0x1
 80006c2:      	ldrb.w	r3, [lr]
 80006c6:      	lsl.w	r0, r1, r0
 80006ca:      	orrs	r0, r3
 80006cc:      	strb.w	r0, [lr]
 80006d0:      	b	0x800070c <schedule_cylinder+0x194> @ imm = #0x38
 80006d2:      	cmp	r6, #0x0
 80006d4:      	bne	0x80007a2 <schedule_cylinder+0x22a> @ imm = #0xca
 80006d6:      	mov.w	r1, #0x20000
 80006da:      	cmp	r0, #0x1
 80006dc:      	it	eq
 80006de:      	moveq.w	r1, #0x10000
 80006e2:      	str.w	r1, [r12]
 80006e6:      	b	0x80007a2 <schedule_cylinder+0x22a> @ imm = #0xb8
 80006e8:      	cmp	r0, #0x1
 80006ea:      	it	ne
 80006ec:      	movne	r0, #0x2
 80006ee:      	str.w	r0, [r12]
 80006f2:      	movw	r1, #0x180c
 80006f6:      	mrs	r0, primask
 80006fa:      	cpsid i
 80006fc:      	movt	r1, #0x2000
 8000700:      	ldrh	r3, [r1]
 8000702:      	orr	r3, r3, #0x2
 8000706:      	strh	r3, [r1]
 8000708:      	msr	primask, r0
 800070c:      	movw	r0, #0x180f
 8000710:      	movt	r0, #0x2000
 8000714:      	ldrb	r0, [r0]
 8000716:      	cmp	r0, #0x0
 8000718:      	bne	0x80007a2 <schedule_cylinder+0x22a> @ imm = #0x86
 800071a:      	movw	r0, #0x18
 800071e:      	movs	r1, #0x99
 8000720:      	movt	r0, #0x2000
 8000724:      	muls	r1, r2, r1
 8000726:      	movw	r2, #0xcccd
 800072a:      	ldrh	r0, [r0]
 800072c:      	movt	r2, #0xcccc
 8000730:      	umull	r2, r1, r1, r2
 8000734:      	cmp.w	r0, r1, lsr #6
 8000738:      	bls	0x8000756 <schedule_cylinder+0x1de> @ imm = #0x1a
 800073a:      	movw	r2, #0x180c
 800073e:      	mrs	r0, primask
 8000742:      	cpsid i
 8000744:      	movt	r2, #0x2000
 8000748:      	ldrh	r3, [r2]
 800074a:      	orr	r3, r3, #0x4
 800074e:      	strh	r3, [r2]
 8000750:      	msr	primask, r0
 8000754:      	lsrs	r0, r1, #0x6
 8000756:      	mov.w	r1, #0x400
 800075a:      	movs	r4, #0x10
 800075c:      	str.w	r1, [r12]
 8000760:      	movw	r2, #0x15c4
 8000764:      	movt	r4, #0x4000
 8000768:      	mrs	r1, primask
 800076c:      	cpsid i
 800076e:      	movt	r2, #0x2000
 8000772:      	ldr	r2, [r2]
 8000774:      	ldr	r3, [r4, #0x14]
 8000776:      	ldr	r6, [r4]
 8000778:      	lsls	r6, r6, #0x1f
 800077a:      	itt	ne
 800077c:      	ldrne	r3, [r4, #0x14]
 800077e:      	addne.w	r2, r2, #0x10000
 8000782:      	msr	primask, r1
 8000786:      	uxth	r1, r3
 8000788:      	add	r0, r2
 800078a:      	add	r0, r1
 800078c:      	movw	r1, #0x17f8
 8000790:      	movt	r1, #0x2000
 8000794:      	str	r0, [r1, #0x10]
 8000796:      	ldrb.w	r0, [lr]
 800079a:      	orr	r0, r0, #0x10
 800079e:      	strb.w	r0, [lr]
 80007a2:      	pop.w	{r8, r9, r10}
 80007a6:      	pop	{r4, r5, r6, r7, pc}

080007a8 <main>:
 80007a8:      	push	{r7, lr}
 80007aa:      	mov	r7, sp
 80007ac:      	sub	sp, #0x10
 80007ae:      	movw	r0, #0x1000
 80007b2:      	movt	r0, #0x4002
 80007b6:      	ldr	r1, [r0]
 80007b8:      	movw	r6, #0x7b80
 80007bc:      	movt	r6, #0xffe1
 80007c0:      	orr	r1, r1, #0x1
 80007c4:      	str	r1, [r0]
 80007c6:      	adds	r1, r6, #0x1
 80007c8:      	mov	r3, r1
 80007ca:      	nop
 80007cc:      	ldr	r2, [r0]
 80007ce:      	lsls	r2, r2, #0x1e
 80007d0:      	bmi	0x80007da <main+0x32>   @ imm = #0x6
 80007d2:      	cmp	r3, #0x0
 80007d4:      	add.w	r3, r3, #0x1
 80007d8:      	bne	0x80007cc <main+0x24>   @ imm = #-0x10
 80007da:      	ldr	r2, [r0, #0x4]
 80007dc:      	mov	r3, r1
 80007de:      	bic	r2, r2, #0x3
 80007e2:      	str	r2, [r0, #0x4]
 80007e4:      	ldr	r2, [r0, #0x4]
 80007e6:      	tst.w	r2, #0xc
 80007ea:      	beq	0x80007f4 <main+0x4c>   @ imm = #0x6
 80007ec:      	cmp	r3, #0x0
 80007ee:      	add.w	r3, r3, #0x1
 80007f2:      	bne	0x80007e4 <main+0x3c>   @ imm = #-0x12
 80007f4:      	ldr	r2, [r0]
 80007f6:      	mov	r3, r1
 80007f8:      	bic	r2, r2, #0x1000000
 80007fc:      	str	r2, [r0]
 80007fe:      	nop
 8000800:      	ldr	r2, [r0]
 8000802:      	lsls	r2, r2, #0x6
 8000804:      	bpl	0x800080e <main+0x66>   @ imm = #0x6
 8000806:      	cmp	r3, #0x0
 8000808:      	add.w	r3, r3, #0x1
 800080c:      	bne	0x8000800 <main+0x58>   @ imm = #-0x10
 800080e:      	movw	r3, #0x2000
 8000812:      	movt	r3, #0x4002
 8000816:      	movs	r2, #0x12
 8000818:      	str	r2, [r3]
 800081a:      	movw	r2, #0x8400
 800081e:      	movt	r2, #0x38
 8000822:      	str	r2, [r0, #0x4]
 8000824:      	ldr	r2, [r0]
 8000826:      	orr	r2, r2, #0x1000000
 800082a:      	str	r2, [r0]
 800082c:      	mov	r2, r6
 800082e:      	nop
 8000830:      	ldr	r5, [r0]
 8000832:      	lsls	r5, r5, #0x6
 8000834:      	bmi	0x800083c <main+0x94>   @ imm = #0x4
 8000836:      	adds	r2, #0x1
 8000838:      	blo	0x8000830 <main+0x88>   @ imm = #-0xc
 800083a:      	b	0x8000856 <main+0xae>   @ imm = #0x18
 800083c:      	ldr	r2, [r0, #0x4]
 800083e:      	movs	r5, #0x2
 8000840:      	bfi	r2, r5, #0, #2
 8000844:      	str	r2, [r0, #0x4]
 8000846:      	nop
 8000848:      	ldr	r2, [r0, #0x4]
 800084a:      	and	r2, r2, #0xc
 800084e:      	cmp	r2, #0x8
 8000850:      	beq	0x8000882 <main+0xda>   @ imm = #0x2e
 8000852:      	adds	r6, #0x1
 8000854:      	blo	0x8000848 <main+0xa0>   @ imm = #-0x10
 8000856:      	ldr	r2, [r0, #0x4]
 8000858:      	bic	r2, r2, #0x3
 800085c:      	str	r2, [r0, #0x4]
 800085e:      	nop
 8000860:      	ldr	r2, [r0, #0x4]
 8000862:      	tst.w	r2, #0xc
 8000866:      	beq	0x8000870 <main+0xc8>   @ imm = #0x6
 8000868:      	cmp	r1, #0x0
 800086a:      	add.w	r1, r1, #0x1
 800086e:      	bne	0x8000860 <main+0xb8>   @ imm = #-0x12
 8000870:      	ldr	r1, [r0]
 8000872:      	movs	r6, #0x0
 8000874:      	bic	r1, r1, #0x1000000
 8000878:      	str	r1, [r0]
 800087a:      	movs	r1, #0x10
 800087c:      	str	r6, [r0, #0x4]
 800087e:      	str	r1, [r3]
 8000880:      	b	0x8000884 <main+0xdc>   @ imm = #0x0
 8000882:      	movs	r6, #0x1
 8000884:      	movw	lr, #0x1810
 8000888:      	movw	r12, #0x1814
 800088c:      	movw	r8, #0x1811
 8000890:      	movt	lr, #0x2000
 8000894:      	movt	r12, #0x2000
 8000898:      	movt	r8, #0x2000
 800089c:      	strb.w	r6, [lr]
 80008a0:      	strb.w	r6, [r12]
 80008a4:      	strb.w	r6, [r8]
 80008a8:      	ldr	r3, [r0, #0x18]
 80008aa:      	movw	r6, #0x421d
 80008ae:      	orrs	r3, r6
 80008b0:      	str	r3, [r0, #0x18]
 80008b2:      	ldr	r3, [r0, #0x1c]
 80008b4:      	movw	r5, #0x800
 80008b8:      	orr	r3, r3, #0x20000
 80008bc:      	orr	r3, r3, #0x1
 80008c0:      	movt	r5, #0x4001
 80008c4:      	str	r3, [r0, #0x1c]
 80008c6:      	ldr	r0, [r5]
 80008c8:      	movw	r1, #0xc04
 80008cc:      	bic	r0, r0, #0xf
 80008d0:      	str	r0, [r5]
 80008d2:      	ldr	r0, [r5]
 80008d4:      	movt	r1, #0x4001
 80008d8:      	bic	r0, r0, #0xf0
 80008dc:      	str	r0, [r5]
 80008de:      	ldr	r0, [r5]
 80008e0:      	movw	r2, #0x1008
 80008e4:      	bic	r0, r0, #0xf0000
 80008e8:      	str	r0, [r5]
 80008ea:      	ldr	r0, [r5]
 80008ec:      	movt	r2, #0x4001
 80008f0:      	bic	r0, r0, #0xf00000
 80008f4:      	str	r0, [r5]
 80008f6:      	ldr	r0, [r5]
 80008f8:      	mov.w	r10, #0x800000
 80008fc:      	bic	r0, r0, #0xf000000
 8000900:      	str	r0, [r5]
 8000902:      	ldr	r0, [r5]
 8000904:      	movs	r6, #0x1
 8000906:      	bic	r0, r0, #0xf0000000
 800090a:      	str	r0, [r5]
 800090c:      	ldr.w	r3, [r5, #0x400]
 8000910:      	movs	r0, #0x2
 8000912:      	bfi	r3, r0, #0, #4
 8000916:      	str.w	r3, [r5, #0x400]
 800091a:      	ldr.w	r3, [r5, #0x400]
 800091e:      	mov.w	r9, #0x0
 8000922:      	bfi	r3, r0, #4, #4
 8000926:      	str.w	r3, [r5, #0x400]
 800092a:      	ldr.w	r3, [r5, #0x400]
 800092e:      	movw	r11, #0xe417
 8000932:      	bfi	r3, r0, #24, #4
 8000936:      	str.w	r3, [r5, #0x400]
 800093a:      	ldr.w	r3, [r5, #0x400]
 800093e:      	movt	r11, #0xe000
 8000942:      	bfi	r3, r0, #28, #4
 8000946:      	str.w	r3, [r5, #0x400]
 800094a:      	ldr	r3, [r1]
 800094c:      	movs	r4, #0x10
 800094e:      	bfi	r3, r0, #0, #4
 8000952:      	str	r3, [r1]
 8000954:      	ldr	r3, [r1]
 8000956:      	bfi	r3, r0, #4, #4
 800095a:      	str	r3, [r1]
 800095c:      	ldr	r3, [r1]
 800095e:      	bfi	r3, r0, #8, #4
 8000962:      	str	r3, [r1]
 8000964:      	ldr	r3, [r1]
 8000966:      	bfi	r3, r0, #12, #4
 800096a:      	str	r3, [r1]
 800096c:      	ldr	r3, [r1]
 800096e:      	bfi	r3, r0, #28, #4
 8000972:      	str	r3, [r1]
 8000974:      	ldr	r3, [r5, #0x4]
 8000976:      	bfi	r3, r0, #0, #4
 800097a:      	str	r3, [r5, #0x4]
 800097c:      	ldr.w	r3, [r5, #0x400]
 8000980:      	movs	r0, #0x8
 8000982:      	bfi	r3, r0, #20, #4
 8000986:      	str.w	r3, [r5, #0x400]
 800098a:      	ldr	r3, [r1, #0x8]
 800098c:      	orr	r3, r3, #0x20
 8000990:      	str	r3, [r1, #0x8]
 8000992:      	ldr	r3, [r1]
 8000994:      	bfi	r3, r0, #16, #4
 8000998:      	str	r3, [r1]
 800099a:      	ldr	r3, [r1, #0x8]
 800099c:      	orr	r3, r3, #0x1000
 80009a0:      	str	r3, [r1, #0x8]
 80009a2:      	ldr	r3, [r1]
 80009a4:      	bfi	r3, r0, #20, #4
 80009a8:      	str	r3, [r1]
 80009aa:      	ldr	r3, [r1, #0x8]
 80009ac:      	orr	r3, r3, #0x2000
 80009b0:      	str	r3, [r1, #0x8]
 80009b2:      	ldr	r3, [r1]
 80009b4:      	bfi	r3, r0, #24, #4
 80009b8:      	str	r3, [r1]
 80009ba:      	ldr	r3, [r1, #0x8]
 80009bc:      	bic	r3, r3, #0x4000
 80009c0:      	str	r3, [r1, #0x8]
 80009c2:      	ldr.w	r3, [r1, #0x400]
 80009c6:      	bfi	r3, r0, #20, #4
 80009ca:      	str.w	r3, [r1, #0x400]
 80009ce:      	ldr	r0, [r2, #0x4]
 80009d0:      	mov.w	r3, #0x1000000
 80009d4:      	orr	r0, r0, #0x2000
 80009d8:      	str	r0, [r2, #0x4]
 80009da:      	mov.w	r0, #0x10000
 80009de:      	str	r0, [r1, #0xc]
 80009e0:      	mov.w	r0, #0x20000
 80009e4:      	str	r0, [r1, #0xc]
 80009e6:      	mov.w	r0, #0x4000000
 80009ea:      	str	r0, [r1, #0xc]
 80009ec:      	mov.w	r0, #0x8000000
 80009f0:      	str	r0, [r1, #0xc]
 80009f2:      	mov.w	r0, #0x80000000
 80009f6:      	str	r0, [r1, #0xc]
 80009f8:      	mov.w	r0, #0x400000
 80009fc:      	str	r3, [r5, #0x10]
 80009fe:      	str	r0, [r1, #0xc]
 8000a00:      	str.w	r10, [r1, #0xc]
 8000a04:      	str	r3, [r1, #0xc]
 8000a06:      	mov.w	r3, #0x2000000
 8000a0a:      	str	r3, [r1, #0xc]
 8000a0c:      	ldrb.w	r3, [lr]
 8000a10:      	movs	r0, #0xc
 8000a12:      	cmp	r3, #0x0
 8000a14:      	mov.w	r3, #0x7
 8000a18:      	movt	r0, #0x4000
 8000a1c:      	it	ne
 8000a1e:      	movne	r3, #0x3f
 8000a20:      	str	r3, [r0, #0x1c]
 8000a22:      	movw	r3, #0xffff
 8000a26:      	str	r3, [r0, #0x20]
 8000a28:      	mov.w	r3, #0x40000000
 8000a2c:      	str	r6, [r0, #0x8]
 8000a2e:      	str.w	r9, [r0, #0x4]
 8000a32:      	str	r6, [r0]
 8000a34:      	str	r6, [r3]
 8000a36:      	movw	r3, #0xe010
 8000a3a:      	movt	r3, #0xe000
 8000a3e:      	mov.w	r2, #0x10000000
 8000a42:      	strb.w	r4, [r11, #0x5]
 8000a46:      	str.w	r2, [r3, #0xf0]
 8000a4a:      	movw	r2, #0xed23
 8000a4e:      	movt	r2, #0xe000
 8000a52:      	movs	r1, #0x40
 8000a54:      	strb	r1, [r2]
 8000a56:      	movw	r1, #0xfc0c
 8000a5a:      	movw	r2, #0x400
 8000a5e:      	movt	r1, #0xffff
 8000a62:      	movt	r2, #0x4001
 8000a66:      	ldr	r0, [r2, r1]
 8000a68:      	bfi	r0, r6, #4, #4
 8000a6c:      	str	r0, [r2, r1]
 8000a6e:      	ldr	r0, [r2]
 8000a70:      	movw	r1, #0x3000
 8000a74:      	orr	r0, r0, #0x20
 8000a78:      	str	r0, [r2]
 8000a7a:      	ldr	r0, [r2, #0x8]
 8000a7c:      	movt	r1, #0x4000
 8000a80:      	orr	r0, r0, #0x20
 8000a84:      	str	r0, [r2, #0x8]
 8000a86:      	ldr	r0, [r2, #0xc]
 8000a88:      	add.w	r1, r1, #0x1400
 8000a8c:      	bic	r0, r0, #0x20
 8000a90:      	str	r0, [r2, #0xc]
 8000a92:      	movs	r0, #0x20
 8000a94:      	str	r0, [r2, #0x14]
 8000a96:      	strb.w	r4, [r11]
 8000a9a:      	str.w	r10, [r3, #0xf0]
 8000a9e:      	movw	r0, #0x24
 8000aa2:      	movw	r10, #0xaf4
 8000aa6:      	movw	r4, #0x3800
 8000aaa:      	movt	r0, #0x2000
 8000aae:      	movt	r10, #0x2000
 8000ab2:      	movt	r4, #0x4001
 8000ab6:      	str.w	r1, [r10]
 8000aba:      	str	r4, [r0]
 8000abc:      	ldr	r1, [r5, #0x4]
 8000abe:      	movs	r2, #0xa
 8000ac0:      	bfi	r1, r2, #4, #4
 8000ac4:      	str	r1, [r5, #0x4]
 8000ac6:      	ldr	r1, [r5, #0x4]
 8000ac8:      	movs	r6, #0x4
 8000aca:      	bfi	r1, r6, #8, #4
 8000ace:      	str	r1, [r5, #0x4]
 8000ad0:      	ldr	r1, [r5]
 8000ad2:      	bfi	r1, r2, #8, #4
 8000ad6:      	str	r1, [r5]
 8000ad8:      	ldr	r1, [r5]
 8000ada:      	movw	r2, #0x4408
 8000ade:      	bfi	r1, r6, #12, #4
 8000ae2:      	str	r1, [r5]
 8000ae4:      	ldrb.w	r1, [lr]
 8000ae8:      	movt	r2, #0x4000
 8000aec:      	cmp	r1, #0x0
 8000aee:      	mov.w	r1, #0x45
 8000af2:      	it	ne
 8000af4:      	movne.w	r1, #0x22c
 8000af8:      	str	r1, [r4, #0x8]
 8000afa:      	ldrb.w	r1, [r12]
 8000afe:      	movw	r5, #0x42c0
 8000b02:      	cmp	r1, #0x0
 8000b04:      	mov.w	r1, #0x45
 8000b08:      	it	ne
 8000b0a:      	movne.w	r1, #0x116
 8000b0e:      	str	r1, [r2]
 8000b10:      	movw	r1, #0x202c
 8000b14:      	str	r1, [r4, #0xc]
 8000b16:      	str	r1, [r2, #0x4]
 8000b18:      	movs	r1, #0x60
 8000b1a:      	strb.w	r1, [r11, #0xe]
 8000b1e:      	strb.w	r1, [r11, #0xf]
 8000b22:      	str.w	r1, [r3, #0xf4]
 8000b26:      	ldrb.w	r1, [lr]
 8000b2a:      	movs	r2, #0x7
 8000b2c:      	cmp	r1, #0x0
 8000b2e:      	movw	r1, #0x1f3f
 8000b32:      	it	ne
 8000b34:      	movwne	r1, #0xf9ff
 8000b38:      	str	r1, [r3, #0x4]
 8000b3a:      	str.w	r9, [r3, #0x8]
 8000b3e:      	str	r2, [r3]
 8000b40:      	ldrb.w	r1, [r8]
 8000b44:      	movt	r5, #0x800
 8000b48:      	movw	r4, #0x2408
 8000b4c:      	movw	r6, #0x413a
 8000b50:      	cmp	r1, #0x0
 8000b52:      	mov	r1, r5
 8000b54:      	movt	r4, #0x4001
 8000b58:      	movt	r6, #0x800
 8000b5c:      	it	ne
 8000b5e:      	movne	r1, r6
 8000b60:      	bl	0x8001dd4 <port_line>   @ imm = #0x1270
 8000b64:      	ldrb.w	r0, [r8]
 8000b68:      	cmp	r0, #0x0
 8000b6a:      	it	ne
 8000b6c:      	movne	r5, r6
 8000b6e:      	mov	r0, r10
 8000b70:      	mov	r1, r5
 8000b72:      	bl	0x8001dd4 <port_line>   @ imm = #0x125e
 8000b76:      	movw	r0, #0x6db6
 8000b7a:      	movt	r0, #0xdb
 8000b7e:      	str	r0, [r4, #0x8]
 8000b80:      	movs	r0, #0x1
 8000b82:      	movt	r0, #0x1e
 8000b86:      	str	r0, [r4]
 8000b88:      	str.w	r9, [sp, #0xc]
 8000b8c:      	ldr	r0, [sp, #0xc]
 8000b8e:      	movw	r1, #0x270f
 8000b92:      	cmp	r0, r1
 8000b94:      	bhi	0x8000baa <main+0x402>  @ imm = #0x12
 8000b96:      	movw	r0, #0x2710
 8000b9a:      	nop
 8000b9c:      	nop
 8000b9e:      	ldr	r1, [sp, #0xc]
 8000ba0:      	adds	r1, #0x1
 8000ba2:      	str	r1, [sp, #0xc]
 8000ba4:      	ldr	r1, [sp, #0xc]
 8000ba6:      	cmp	r1, r0
 8000ba8:      	blo	0x8000b9c <main+0x3f4>  @ imm = #-0x10
 8000baa:      	ldr	r0, [r4]
 8000bac:      	movw	r8, #0x5ee0
 8000bb0:      	movt	r8, #0xfff8
 8000bb4:      	orr	r0, r0, #0x8
 8000bb8:      	movw	r9, #0xc04
 8000bbc:      	str	r0, [r4]
 8000bbe:      	mov	r0, r8
 8000bc0:      	movt	r9, #0x4001
 8000bc4:      	ldr	r1, [r4]
 8000bc6:      	lsls	r1, r1, #0x1c
 8000bc8:      	bpl	0x8000be8 <main+0x440>  @ imm = #0x1c
 8000bca:      	adds	r0, #0x1
 8000bcc:      	blo	0x8000bc4 <main+0x41c>  @ imm = #-0xc
 8000bce:      	movw	r1, #0x180c
 8000bd2:      	mrs	r0, primask
 8000bd6:      	cpsid i
 8000bd8:      	movt	r1, #0x2000
 8000bdc:      	ldrh	r2, [r1]
 8000bde:      	orr	r2, r2, #0x8
 8000be2:      	strh	r2, [r1]
 8000be4:      	msr	primask, r0
 8000be8:      	ldr	r0, [r4]
 8000bea:      	orr	r0, r0, #0x4
 8000bee:      	str	r0, [r4]
 8000bf0:      	mov	r0, r8
 8000bf2:      	nop
 8000bf4:      	ldr	r1, [r4]
 8000bf6:      	lsls	r1, r1, #0x1d
 8000bf8:      	bpl	0x8000c18 <main+0x470>  @ imm = #0x1c
 8000bfa:      	adds	r0, #0x1
 8000bfc:      	blo	0x8000bf4 <main+0x44c>  @ imm = #-0xc
 8000bfe:      	movw	r1, #0x180c
 8000c02:      	mrs	r0, primask
 8000c06:      	cpsid i
 8000c08:      	movt	r1, #0x2000
 8000c0c:      	ldrh	r2, [r1]
 8000c0e:      	orr	r2, r2, #0x8
 8000c12:      	strh	r2, [r1]
 8000c14:      	msr	primask, r0
 8000c18:      	movw	r4, #0x4254
 8000c1c:      	movw	r0, #0x24
 8000c20:      	movt	r4, #0x800
 8000c24:      	movt	r0, #0x2000
 8000c28:      	mov	r1, r4
 8000c2a:      	bl	0x8001dd4 <port_line>   @ imm = #0x11a6
 8000c2e:      	movw	r0, #0xaf4
 8000c32:      	movt	r0, #0x2000
 8000c36:      	mov	r1, r4
 8000c38:      	bl	0x8001dd4 <port_line>   @ imm = #0x1198
 8000c3c:      	movw	r1, #0x15e4
 8000c40:      	movw	r2, #0x7c00
 8000c44:      	movs	r0, #0x0
 8000c46:      	movt	r1, #0x2000
 8000c4a:      	movt	r2, #0x800
 8000c4e:      	nop
 8000c50:      	ldrb	r3, [r0, r2]
 8000c52:      	strb	r3, [r1, r0]
 8000c54:      	adds	r0, #0x1
 8000c56:      	cmp.w	r0, #0x200
 8000c5a:      	bne	0x8000c50 <main+0x4a8>  @ imm = #-0xe
 8000c5c:      	mvn	r0, #0x62
 8000c60:      	movw	r3, #0x15e4
 8000c64:      	add.w	r5, r0, #0x62
 8000c68:      	movt	r3, #0x2000
 8000c6c:      	mov.w	r1, #0x1fc
 8000c70:      	movw	r2, #0x1021
 8000c74:      	ldrb	r6, [r3]
 8000c76:      	eor.w	r5, r5, r6, lsl #8
 8000c7a:      	movs	r6, #0x0
 8000c7c:      	sxth	r4, r5
 8000c7e:      	mov	r0, r5
 8000c80:      	lsls	r5, r5, #0x1
 8000c82:      	cmp	r4, #0x0
 8000c84:      	it	mi
 8000c86:      	eormi.w	r5, r2, r0, lsl #1
 8000c8a:      	cmp	r6, #0x7
 8000c8c:      	add.w	r6, r6, #0x1
 8000c90:      	blo	0x8000c7c <main+0x4d4>  @ imm = #-0x18
 8000c92:      	subs	r1, #0x1
 8000c94:      	add.w	r3, r3, #0x1
 8000c98:      	bne	0x8000c74 <main+0x4cc>  @ imm = #-0x28
 8000c9a:      	movw	r6, #0x15e4
 8000c9e:      	movt	r6, #0x2000
 8000ca2:      	ldr	r0, [r6]
 8000ca4:      	movw	r1, #0x4649
 8000ca8:      	ldrh	r2, [r6, #0x4]
 8000caa:      	movt	r1, #0x5645
 8000cae:      	eors	r0, r1
 8000cb0:      	eor	r1, r2, #0x5
 8000cb4:      	ldrh	r2, [r6, #0x6]
 8000cb6:      	orrs	r0, r1
 8000cb8:      	eor	r1, r2, #0x200
 8000cbc:      	orrs	r0, r1
 8000cbe:      	ldrh.w	r1, [r6, #0x1fc]
 8000cc2:      	uxth	r2, r5
 8000cc4:      	eors	r1, r2
 8000cc6:      	orrs	r0, r1
 8000cc8:      	clz	r4, r0
 8000ccc:      	bne	0x8000cd6 <main+0x52e>  @ imm = #0x6
 8000cce:      	movs	r0, #0x0
 8000cd0:      	strb.w	r0, [r6, #0x1f7]
 8000cd4:      	b	0x8000cda <main+0x532>  @ imm = #0x2
 8000cd6:      	bl	0x8002f84 <load_defaults> @ imm = #0x22aa
 8000cda:      	ldrh.w	r0, [r6, #0x1ec]
 8000cde:      	lsrs	r1, r4, #0x5
 8000ce0:      	str	r1, [sp, #0x8]
 8000ce2:      	movw	r1, #0x17e4
 8000ce6:      	adds	r0, #0x28
 8000ce8:      	movt	r1, #0x2000
 8000cec:      	movs	r4, #0x0
 8000cee:      	strh	r0, [r1]
 8000cf0:      	bl	0x80019ca <read_sensors> @ imm = #0xcd6
 8000cf4:      	cmp	r4, #0xf
 8000cf6:      	add.w	r4, r4, #0x1
 8000cfa:      	blo	0x8000cf0 <main+0x548>  @ imm = #-0xe
 8000cfc:      	movw	r0, #0x2
 8000d00:      	movt	r0, #0x2000
 8000d04:      	ldrh	r0, [r0]
 8000d06:      	movw	r1, #0xe
 8000d0a:      	movt	r1, #0x2000
 8000d0e:      	strh	r0, [r1]
 8000d10:      	ldr.w	r0, [r9, #0x4]
 8000d14:      	movw	r10, #0x4227
 8000d18:      	lsls	r0, r0, #0x13
 8000d1a:      	itt	mi
 8000d1c:      	movmi.w	r0, #0x800
 8000d20:      	strmi.w	r0, [r9, #0xc]
 8000d24:      	movw	r4, #0x24
 8000d28:      	movs	r0, #0x42
 8000d2a:      	movs	r5, #0x1
 8000d2c:      	movt	r10, #0x800
 8000d30:      	movt	r4, #0x2000
 8000d34:      	uxtb	r1, r0
 8000d36:      	mov	r0, r4
 8000d38:      	bl	0x8001d8c <port_char>   @ imm = #0x1050
 8000d3c:      	ldrb.w	r0, [r10, r5]
 8000d40:      	adds	r5, #0x1
 8000d42:      	cmp	r5, #0x14
 8000d44:      	bne	0x8000d34 <main+0x58c>  @ imm = #-0x14
 8000d46:      	movw	r9, #0x3fc3
 8000d4a:      	movw	r4, #0x24
 8000d4e:      	movs	r1, #0x0
 8000d50:      	movs	r0, #0x30
 8000d52:      	movt	r9, #0x800
 8000d56:      	movt	r4, #0x2000
 8000d5a:      	nop
 8000d5c:      	adds	r5, r1, #0x1
 8000d5e:      	add.w	r6, r9, r1
 8000d62:      	uxtb	r1, r0
 8000d64:      	mov	r0, r4
 8000d66:      	bl	0x8001d8c <port_char>   @ imm = #0x1022
 8000d6a:      	ldrb	r0, [r6, #0x1]
 8000d6c:      	cmp	r5, #0x10
 8000d6e:      	mov	r1, r5
 8000d70:      	bne	0x8000d5c <main+0x5b4>  @ imm = #-0x18
 8000d72:      	movw	r4, #0x24
 8000d76:      	movt	r4, #0x2000
 8000d7a:      	mov	r0, r4
 8000d7c:      	movs	r1, #0x2c
 8000d7e:      	bl	0x8001d8c <port_char>   @ imm = #0x100a
 8000d82:      	movw	r0, #0x417f
 8000d86:      	movw	r11, #0x4072
 8000d8a:      	ldr	r1, [sp, #0x8]
 8000d8c:      	movt	r0, #0x800
 8000d90:      	movt	r11, #0x800
 8000d94:      	cmp	r1, #0x0
 8000d96:      	it	ne
 8000d98:      	movne	r11, r0
 8000d9a:      	mov	r0, r4
 8000d9c:      	mov	r1, r11
 8000d9e:      	bl	0x8001dd4 <port_line>   @ imm = #0x1032
 8000da2:      	movw	r5, #0xaf4
 8000da6:      	movs	r0, #0x42
 8000da8:      	movs	r4, #0x1
 8000daa:      	movt	r5, #0x2000
 8000dae:      	nop
 8000db0:      	uxtb	r1, r0
 8000db2:      	mov	r0, r5
 8000db4:      	bl	0x8001d8c <port_char>   @ imm = #0xfd4
 8000db8:      	ldrb.w	r0, [r10, r4]
 8000dbc:      	adds	r4, #0x1
 8000dbe:      	cmp	r4, #0x14
 8000dc0:      	bne	0x8000db0 <main+0x608>  @ imm = #-0x14
 8000dc2:      	movw	r5, #0xaf4
 8000dc6:      	movs	r1, #0x0
 8000dc8:      	movs	r0, #0x30
 8000dca:      	movt	r5, #0x2000
 8000dce:      	nop
 8000dd0:      	adds	r4, r1, #0x1
 8000dd2:      	add.w	r6, r9, r1
 8000dd6:      	uxtb	r1, r0
 8000dd8:      	mov	r0, r5
 8000dda:      	bl	0x8001d8c <port_char>   @ imm = #0xfae
 8000dde:      	ldrb	r0, [r6, #0x1]
 8000de0:      	cmp	r4, #0x10
 8000de2:      	mov	r1, r4
 8000de4:      	bne	0x8000dd0 <main+0x628>  @ imm = #-0x18
 8000de6:      	movw	r4, #0xaf4
 8000dea:      	movt	r4, #0x2000
 8000dee:      	mov	r0, r4
 8000df0:      	movs	r1, #0x2c
 8000df2:      	bl	0x8001d8c <port_char>   @ imm = #0xf96
 8000df6:      	mov	r0, r4
 8000df8:      	mov	r1, r11
 8000dfa:      	bl	0x8001dd4 <port_line>   @ imm = #0xfd6
 8000dfe:      	movw	r10, #0x3000
 8000e02:      	movw	r0, #0xcccc
 8000e06:      	movt	r10, #0x4000
 8000e0a:      	str.w	r0, [r10]
 8000e0e:      	movw	r0, #0x5555
 8000e12:      	str.w	r0, [r10]
 8000e16:      	movs	r0, #0x4
 8000e18:      	movw	r11, #0xc04
 8000e1c:      	movw	r9, #0xc
 8000e20:      	movw	r4, #0x24
 8000e24:      	str.w	r0, [r10, #0x4]
 8000e28:      	movw	r0, #0x271
 8000e2c:      	movt	r11, #0x4001
 8000e30:      	movt	r9, #0x4000
 8000e34:      	movt	r4, #0x2000
 8000e38:      	str.w	r0, [r10, #0x8]
 8000e3c:      	ldr.w	r0, [r10, #0xc]
 8000e40:      	cbz	r0, 0x8000e6c <main+0x6c4> @ imm = #0x28
 8000e42:      	adds.w	r8, r8, #0x1
 8000e46:      	blo	0x8000e3c <main+0x694>  @ imm = #-0xe
 8000e48:      	movw	r0, #0xaaaa
 8000e4c:      	str.w	r0, [r10]
 8000e50:      	movw	r1, #0x180c
 8000e54:      	mrs	r0, primask
 8000e58:      	cpsid i
 8000e5a:      	movt	r1, #0x2000
 8000e5e:      	ldrh	r2, [r1]
 8000e60:      	orr	r2, r2, #0x8
 8000e64:      	strh	r2, [r1]
 8000e66:      	msr	primask, r0
 8000e6a:      	b	0x8000e74 <main+0x6cc>  @ imm = #0x6
 8000e6c:      	movw	r0, #0xaaaa
 8000e70:      	str.w	r0, [r10]
 8000e74:      	movw	r8, #0x15e4
 8000e78:      	movt	r8, #0x2000
 8000e7c:      	movw	r0, #0xaaaa
 8000e80:      	str.w	r0, [r10]
 8000e84:      	movw	r0, #0x20
 8000e88:      	movt	r0, #0x2000
 8000e8c:      	ldr	r5, [r0]
 8000e8e:      	mov	r0, r4
 8000e90:      	bl	0x8001e1c <service_port> @ imm = #0xf88
 8000e94:      	movw	r0, #0xaf4
 8000e98:      	movt	r0, #0x2000
 8000e9c:      	bl	0x8001e1c <service_port> @ imm = #0xf7c
 8000ea0:      	movw	r0, #0x17ec
 8000ea4:      	movt	r0, #0x2000
 8000ea8:      	ldr	r0, [r0]
 8000eaa:      	mov	r12, r5
 8000eac:      	subs	r0, r5, r0
 8000eae:      	cmp	r0, #0xa
 8000eb0:      	blo.w	0x80013a8 <main+0xc00>  @ imm = #0x4f4
 8000eb4:      	movw	r0, #0x17ec
 8000eb8:      	movt	r0, #0x2000
 8000ebc:      	str.w	r12, [sp, #0x8]
 8000ec0:      	str.w	r12, [r0]
 8000ec4:      	bl	0x80019ca <read_sensors> @ imm = #0xb02
 8000ec8:      	movw	r0, #0x15d8
 8000ecc:      	movt	r0, #0x2000
 8000ed0:      	ldrh.w	r11, [r0]
 8000ed4:      	movw	r0, #0x181a
 8000ed8:      	movt	r0, #0x2000
 8000edc:      	ldrh	r0, [r0]
 8000ede:      	movw	r10, #0x180c
 8000ee2:      	cmp	r11, r0
 8000ee4:      	ittt	hi
 8000ee6:      	movwhi	r0, #0x181a
 8000eea:      	movthi	r0, #0x2000
 8000eee:      	strhhi.w	r11, [r0]
 8000ef2:      	movw	r0, #0x1c
 8000ef6:      	movt	r0, #0x2000
 8000efa:      	ldrsh.w	r0, [r0]
 8000efe:      	movt	r10, #0x2000
 8000f02:      	cmp.w	r0, #0xffffffff
 8000f06:      	bgt	0x8000fa2 <main+0x7fa>  @ imm = #0x98
 8000f08:      	movw	r0, #0x17e8
 8000f0c:      	movt	r0, #0x2000
 8000f10:      	movw	r1, #0x4566
 8000f14:      	ldrh	r4, [r0]
 8000f16:      	mov	r0, r11
 8000f18:      	movt	r1, #0x800
 8000f1c:      	movs	r2, #0xd
 8000f1e:      	bl	0x8003d7c <bracket_value> @ imm = #0x2e5a
 8000f22:      	movw	r1, #0x4580
 8000f26:      	mov	r5, r0
 8000f28:      	lsr.w	r9, r0, #0x10
 8000f2c:      	mov	r0, r4
 8000f2e:      	movt	r1, #0x800
 8000f32:      	movs	r2, #0x9
 8000f34:      	bl	0x8003d7c <bracket_value> @ imm = #0x2e44
 8000f38:      	uxtb	r1, r0
 8000f3a:      	add.w	r2, r8, #0xf2
 8000f3e:      	mov.w	r12, #0x1a
 8000f42:      	mla	r1, r1, r12, r2
 8000f46:      	uxtb	r3, r5
 8000f48:      	ubfx	r5, r5, #0x8, #0x8
 8000f4c:      	ldrsh.w	r4, [r1, r3, lsl #1]
 8000f50:      	ldrsh.w	r1, [r1, r5, lsl #1]
 8000f54:      	movw	lr, #0x4dd3
 8000f58:      	subs	r1, r1, r4
 8000f5a:      	mul	r1, r1, r9
 8000f5e:      	movt	lr, #0x1062
 8000f62:      	smull	r1, r6, r1, lr
 8000f66:      	ubfx	r1, r0, #0x8, #0x8
 8000f6a:      	mla	r1, r1, r12, r2
 8000f6e:      	lsrs	r0, r0, #0x10
 8000f70:      	ldrsh.w	r2, [r1, r3, lsl #1]
 8000f74:      	ldrsh.w	r1, [r1, r5, lsl #1]
 8000f78:      	subs	r1, r1, r2
 8000f7a:      	mul	r1, r1, r9
 8000f7e:      	smull	r1, r3, r1, lr
 8000f82:      	asrs	r1, r6, #0x6
 8000f84:      	add.w	r1, r1, r6, lsr #31
 8000f88:      	add	r1, r4
 8000f8a:      	asrs	r6, r3, #0x6
 8000f8c:      	add.w	r3, r6, r3, lsr #31
 8000f90:      	subs	r2, r2, r1
 8000f92:      	add	r2, r3
 8000f94:      	muls	r0, r2, r0
 8000f96:      	smull	r0, r2, r0, lr
 8000f9a:      	asrs	r0, r2, #0x6
 8000f9c:      	add.w	r0, r0, r2, lsr #31
 8000fa0:      	add	r0, r1
 8000fa2:      	movw	r1, #0x4
 8000fa6:      	movt	r1, #0x2000
 8000faa:      	cmp.w	r11, #0x1c2
 8000fae:      	it	lo
 8000fb0:      	movlo	r0, #0x32
 8000fb2:      	ldrsh.w	r1, [r1]
 8000fb6:      	movw	r2, #0x353
 8000fba:      	cmp	r1, r2
 8000fbc:      	blt	0x8000ffc <main+0x854>  @ imm = #0x3c
 8000fbe:      	uxth	r1, r1
 8000fc0:      	add.w	r1, r1, r1, lsl #1
 8000fc4:      	movw	r2, #0xcccd
 8000fc8:      	subw	r1, r1, #0x9f6
 8000fcc:      	movt	r2, #0xcccc
 8000fd0:      	umull	r1, r2, r1, r2
 8000fd4:      	mrs	r3, primask
 8000fd8:      	cpsid i
 8000fda:      	lsrs	r1, r2, #0x3
 8000fdc:      	ldrh.w	r6, [r10]
 8000fe0:      	cmp	r1, #0x46
 8000fe2:      	mov.w	r1, #0x46
 8000fe6:      	it	lt
 8000fe8:      	lsrlt	r1, r2, #0x3
 8000fea:      	orr	r2, r6, #0x10
 8000fee:      	strh.w	r2, [r10]
 8000ff2:      	msr	primask, r3
 8000ff6:      	subs	r0, r0, r1
 8000ff8:      	b	0x8001012 <main+0x86a>  @ imm = #0x16
 8000ffa:      	nop
 8000ffc:      	mrs	r1, primask
 8001000:      	cpsid i
 8001002:      	ldrh.w	r2, [r10]
 8001006:      	bic	r2, r2, #0x10
 800100a:      	strh.w	r2, [r10]
 800100e:      	msr	primask, r1
 8001012:      	sxth.w	r10, r0
 8001016:      	movw	r0, #0x17e8
 800101a:      	movt	r0, #0x2000
 800101e:      	movw	r1, #0x4566
 8001022:      	ldrh	r4, [r0]
 8001024:      	mov	r0, r11
 8001026:      	movt	r1, #0x800
 800102a:      	movs	r2, #0xd
 800102c:      	cmp.w	r10, #0x12c
 8001030:      	it	ge
 8001032:      	movge.w	r10, #0x12c
 8001036:      	bl	0x8003d7c <bracket_value> @ imm = #0x2d42
 800103a:      	movw	r1, #0x4580
 800103e:      	mov	r5, r0
 8001040:      	lsr.w	r8, r0, #0x10
 8001044:      	mov	r0, r4
 8001046:      	movt	r1, #0x800
 800104a:      	movs	r2, #0x9
 800104c:      	str	r4, [sp, #0x4]
 800104e:      	bl	0x8003d7c <bracket_value> @ imm = #0x2d2a
 8001052:      	movw	r12, #0x15e4
 8001056:      	movt	r12, #0x2000
 800105a:      	uxtb	r1, r0
 800105c:      	add.w	r2, r12, #0x8
 8001060:      	mov.w	lr, #0x1a
 8001064:      	mla	r1, r1, lr, r2
 8001068:      	uxtb	r3, r5
 800106a:      	ubfx	r5, r5, #0x8, #0x8
 800106e:      	ldrh.w	r4, [r1, r3, lsl #1]
 8001072:      	ldrh.w	r1, [r1, r5, lsl #1]
 8001076:      	movw	r9, #0x4dd3
 800107a:      	subs	r1, r1, r4
 800107c:      	mul	r1, r1, r8
 8001080:      	movt	r9, #0x1062
 8001084:      	smull	r1, r6, r1, r9
 8001088:      	ubfx	r1, r0, #0x8, #0x8
 800108c:      	mla	r1, r1, lr, r2
 8001090:      	lsrs	r0, r0, #0x10
 8001092:      	ldrh.w	r2, [r1, r3, lsl #1]
 8001096:      	ldrh.w	r1, [r1, r5, lsl #1]
 800109a:      	subs	r1, r1, r2
 800109c:      	mul	r1, r1, r8
 80010a0:      	smull	r1, r3, r1, r9
 80010a4:      	asrs	r1, r6, #0x6
 80010a6:      	add.w	r1, r1, r6, lsr #31
 80010aa:      	add	r1, r4
 80010ac:      	asrs	r6, r3, #0x6
 80010ae:      	add.w	r3, r6, r3, lsr #31
 80010b2:      	subs	r2, r2, r1
 80010b4:      	add	r2, r3
 80010b6:      	mul	r3, r2, r0
 80010ba:      	movw	r0, #0x4
 80010be:      	movt	r0, #0x2000
 80010c2:      	ldrsh.w	r0, [r0]
 80010c6:      	mov	r8, r12
 80010c8:      	ldrh.w	r12, [r12, #0x1e0]
 80010cc:      	mvn	r6, #0x62
 80010d0:      	cmp	r0, r6
 80010d2:      	smull	r6, r3, r3, r9
 80010d6:      	bge	0x80010e8 <main+0x940>  @ imm = #0xe
 80010d8:      	movw	r9, #0x45ce
 80010dc:      	movw	r5, #0x5aa
 80010e0:      	movt	r9, #0x800
 80010e4:      	b	0x8001154 <main+0x9ac>  @ imm = #0x6c
 80010e6:      	nop
 80010e8:      	movw	r6, #0x2ed
 80010ec:      	movw	r9, #0x45ce
 80010f0:      	cmp	r0, r6
 80010f2:      	movt	r9, #0x800
 80010f6:      	ble	0x80010fe <main+0x956>  @ imm = #0x4
 80010f8:      	mov.w	r5, #0x3e8
 80010fc:      	b	0x8001154 <main+0x9ac>  @ imm = #0x54
 80010fe:      	movw	r4, #0x4592
 8001102:      	movs	r6, #0x0
 8001104:      	movt	r4, #0x800
 8001108:      	add.w	r5, r4, r6, lsl #1
 800110c:      	ldrsh.w	r5, [r5, #0x2]
 8001110:      	cmp	r5, r0
 8001112:      	bge	0x8001120 <main+0x978>  @ imm = #0xa
 8001114:      	adds	r6, #0x1
 8001116:      	cmp	r6, #0x5
 8001118:      	bne	0x8001108 <main+0x960>  @ imm = #-0x14
 800111a:      	mov.w	r5, #0x3e8
 800111e:      	b	0x800114c <main+0x9a4>  @ imm = #0x2a
 8001120:      	movw	lr, #0x459e
 8001124:      	movt	lr, #0x800
 8001128:      	add.w	r2, lr, r6, lsl #1
 800112c:      	ldrh.w	r8, [lr, r6, lsl #1]
 8001130:      	ldrsh.w	r6, [r4, r6, lsl #1]
 8001134:      	ldrh	r2, [r2, #0x2]
 8001136:      	sub.w	lr, r0, r6
 800113a:      	sub.w	r4, r2, r8
 800113e:      	mul	r4, r4, lr
 8001142:      	subs	r6, r5, r6
 8001144:      	sdiv	r6, r4, r6
 8001148:      	add	r6, r8
 800114a:      	uxth	r5, r6
 800114c:      	movw	r8, #0x15e4
 8001150:      	movt	r8, #0x2000
 8001154:      	lsrs	r6, r3, #0x6
 8001156:      	add.w	r3, r6, r3, lsr #31
 800115a:      	add	r1, r3
 800115c:      	movw	r3, #0x6
 8001160:      	movt	r3, #0x2000
 8001164:      	uxth	r1, r1
 8001166:      	ldrsh.w	r3, [r3]
 800116a:      	movw	r2, #0xf555
 800116e:      	sub.w	r1, r1, r12
 8001172:      	movt	r2, #0xffff
 8001176:      	bic.w	r10, r10, r10, asr #31
 800117a:      	cmp	r3, r2
 800117c:      	bic.w	r1, r1, r1, asr #31
 8001180:      	blt	0x80011b8 <main+0xa10>  @ imm = #0x34
 8001182:      	movw	r2, #0x2afe
 8001186:      	movt	r2, #0x4
 800118a:      	movs	r6, #0x64
 800118c:      	mla	r3, r3, r6, r2
 8001190:      	movw	r2, #0x1d30
 8001194:      	movt	r2, #0x1179
 8001198:      	udiv	r2, r2, r3
 800119c:      	movw	r6, #0x49c
 80011a0:      	cmp	r2, r6
 80011a2:      	it	ge
 80011a4:      	movge	r2, r6
 80011a6:      	movw	r6, #0x1545
 80011aa:      	movt	r6, #0x5
 80011ae:      	cmp	r3, r6
 80011b0:      	it	hi
 80011b2:      	movhi.w	r2, #0x370
 80011b6:      	b	0x80011bc <main+0xa14>  @ imm = #0x2
 80011b8:      	mov.w	r2, #0x3e8
 80011bc:      	movw	r3, #0xe
 80011c0:      	movt	r3, #0x2000
 80011c4:      	ldrh	r3, [r3]
 80011c6:      	mov.w	r6, #0x3e8
 80011ca:      	movw	r4, #0x1e95
 80011ce:      	muls	r6, r3, r6
 80011d0:      	movt	r4, #0x40b
 80011d4:      	muls	r1, r5, r1
 80011d6:      	movw	r5, #0x4dd3
 80011da:      	umull	r6, r4, r6, r4
 80011de:      	movt	r5, #0x1062
 80011e2:      	umull	r1, r6, r1, r5
 80011e6:      	lsrs	r1, r6, #0x6
 80011e8:      	muls	r1, r2, r1
 80011ea:      	umull	r1, r2, r1, r5
 80011ee:      	lsrs	r1, r4, #0x4
 80011f0:      	cmp.w	r1, #0x438
 80011f4:      	mov.w	r1, #0x438
 80011f8:      	it	lt
 80011fa:      	lsrlt	r1, r4, #0x4
 80011fc:      	cmp.w	r3, #0x2f8
 8001200:      	it	lo
 8001202:      	movwlo	r1, #0x2ee
 8001206:      	lsrs	r2, r2, #0x6
 8001208:      	muls	r1, r2, r1
 800120a:      	umull	r1, r2, r1, r5
 800120e:      	movw	r1, #0x1a
 8001212:      	movt	r1, #0x2000
 8001216:      	ldrh	r1, [r1]
 8001218:      	lsrs	r2, r2, #0x6
 800121a:      	muls	r1, r2, r1
 800121c:      	umull	r1, r2, r1, r5
 8001220:      	ldrh.w	r1, [r8, #0x1e6]
 8001224:      	lsrs	r2, r2, #0x6
 8001226:      	muls	r1, r2, r1
 8001228:      	umull	r1, r2, r1, r5
 800122c:      	bic	r1, r2, #0x3f
 8001230:      	add.w	r1, r1, r2, lsr #6
 8001234:      	cmp.w	r0, #0x384
 8001238:      	movw	r0, #0x8
 800123c:      	lsl.w	r1, r1, #0x4
 8001240:      	movt	r0, #0x2000
 8001244:      	umull	r1, r3, r1, r5
 8001248:      	ldrh	r5, [r0]
 800124a:      	lsr.w	r4, r2, #0x6
 800124e:      	mov	r0, r5
 8001250:      	it	gt
 8001252:      	lsrgt	r4, r3, #0x6
 8001254:      	bl	0x8003d0c <injector_deadtime> @ imm = #0x2ab4
 8001258:      	movw	r2, #0x14
 800125c:      	movt	r2, #0x2000
 8001260:      	strh.w	r10, [r2]
 8001264:      	ldrh.w	r2, [r8, #0x1dc]
 8001268:      	adds	r1, r4, r0
 800126a:      	movw	r0, #0x2710
 800126e:      	movw	r3, #0x6a4
 8001272:      	cmp	r1, r0
 8001274:      	sub.w	r2, r3, r2
 8001278:      	movw	r3, #0x12
 800127c:      	it	lt
 800127e:      	movlt	r0, r1
 8001280:      	movt	r3, #0x2000
 8001284:      	cmp.w	r1, #0x1f4
 8001288:      	lsr.w	r1, r5, #0x7
 800128c:      	strh	r2, [r3]
 800128e:      	it	lo
 8001290:      	movlo.w	r0, #0x1f4
 8001294:      	cmp	r1, #0x7c
 8001296:      	movw	r1, #0x18
 800129a:      	movt	r1, #0x2000
 800129e:      	strh	r0, [r1]
 80012a0:      	bls	0x80012ac <main+0xb04>  @ imm = #0x8
 80012a2:      	ldr.w	r12, [sp, #0x8]
 80012a6:      	mov.w	r1, #0x3ac
 80012aa:      	b	0x80012f0 <main+0xb48>  @ imm = #0x42
 80012ac:      	ldr.w	r12, [sp, #0x8]
 80012b0:      	movs	r1, #0x0
 80012b2:      	nop
 80012b4:      	add.w	r2, r9, r1, lsl #1
 80012b8:      	ldrh	r2, [r2, #0x2]
 80012ba:      	cmp	r2, r5
 80012bc:      	bhs	0x80012ca <main+0xb22>  @ imm = #0xa
 80012be:      	adds	r1, #0x1
 80012c0:      	cmp	r1, #0x5
 80012c2:      	bne	0x80012b4 <main+0xb0c>  @ imm = #-0x12
 80012c4:      	movw	r1, #0x5dc
 80012c8:      	b	0x80012f0 <main+0xb48>  @ imm = #0x24
 80012ca:      	movw	r6, #0x45da
 80012ce:      	movt	r6, #0x800
 80012d2:      	add.w	r3, r6, r1, lsl #1
 80012d6:      	ldrh.w	r6, [r6, r1, lsl #1]
 80012da:      	ldrh.w	r1, [r9, r1, lsl #1]
 80012de:      	ldrh	r3, [r3, #0x2]
 80012e0:      	subs	r5, r5, r1
 80012e2:      	subs	r3, r3, r6
 80012e4:      	muls	r3, r5, r3
 80012e6:      	subs	r1, r2, r1
 80012e8:      	sdiv	r1, r3, r1
 80012ec:      	add	r1, r6
 80012ee:      	uxth	r1, r1
 80012f0:      	ldrh.w	r2, [r8, #0x1de]
 80012f4:      	movw	r6, #0x423f
 80012f8:      	muls	r1, r2, r1
 80012fa:      	movw	r2, #0x4dd3
 80012fe:      	movt	r2, #0x1062
 8001302:      	umull	r2, r3, r1, r2
 8001306:      	lsrs	r2, r3, #0x6
 8001308:      	movt	r6, #0xf
 800130c:      	movw	r5, #0xa28
 8001310:      	adds	r6, #0x1
 8001312:      	cmp	r2, r5
 8001314:      	movw	r2, #0xa28
 8001318:      	it	lt
 800131a:      	lsrlt	r2, r3, #0x6
 800131c:      	cmp	r1, r6
 800131e:      	movw	r1, #0x16
 8001322:      	movt	r1, #0x2000
 8001326:      	it	lo
 8001328:      	movlo.w	r2, #0x3e8
 800132c:      	strh	r2, [r1]
 800132e:      	ldr	r3, [sp, #0x4]
 8001330:      	cmp.w	r11, #0x708
 8001334:      	bls	0x8001348 <main+0xba0>  @ imm = #0x10
 8001336:      	cmp	r3, #0xf
 8001338:      	bhs	0x8001348 <main+0xba0>  @ imm = #0xc
 800133a:      	movw	r11, #0xc04
 800133e:      	movs	r1, #0x1
 8001340:      	movt	r11, #0x4001
 8001344:      	b	0x8001378 <main+0xbd0>  @ imm = #0x30
 8001346:      	nop
 8001348:      	movw	r11, #0xc04
 800134c:      	movt	r11, #0x4001
 8001350:      	ldr.w	r1, [r11, #0x4]
 8001354:      	lsls	r1, r1, #0x13
 8001356:      	bmi	0x800135c <main+0xbb4>  @ imm = #0x2
 8001358:      	movs	r1, #0x1
 800135a:      	b	0x8001378 <main+0xbd0>  @ imm = #0x1a
 800135c:      	movw	r1, #0x180c
 8001360:      	movt	r1, #0x2000
 8001364:      	ldrh	r1, [r1]
 8001366:      	movw	r2, #0x3b6
 800136a:      	cmp	r3, r2
 800136c:      	mov.w	r2, #0x0
 8001370:      	it	hi
 8001372:      	movhi	r2, #0x1
 8001374:      	and.w	r1, r2, r1, lsr #3
 8001378:      	movw	r2, #0x180f
 800137c:      	movt	r2, #0x2000
 8001380:      	strb	r1, [r2]
 8001382:      	movw	r1, #0x1828
 8001386:      	movt	r1, #0x2000
 800138a:      	strh.w	r10, [r1]
 800138e:      	movw	r1, #0x182a
 8001392:      	movw	r9, #0xc
 8001396:      	movw	r10, #0x3000
 800139a:      	movt	r1, #0x2000
 800139e:      	movt	r9, #0x4000
 80013a2:      	movt	r10, #0x4000
 80013a6:      	strh	r0, [r1]
 80013a8:      	movw	r1, #0x15e0
 80013ac:      	mrs	r0, primask
 80013b0:      	cpsid i
 80013b2:      	movt	r1, #0x2000
 80013b6:      	movw	r2, #0x15c4
 80013ba:      	ldrb	r1, [r1]
 80013bc:      	mrs	r3, primask
 80013c0:      	cpsid i
 80013c2:      	movt	r2, #0x2000
 80013c6:      	ldr	r2, [r2]
 80013c8:      	ldr.w	r6, [r9, #0x18]
 80013cc:      	ldr.w	r5, [r9, #0x4]
 80013d0:      	mov	r4, r1
 80013d2:      	lsls	r5, r5, #0x1f
 80013d4:      	itt	ne
 80013d6:      	ldrne.w	r6, [r9, #0x18]
 80013da:      	addne.w	r2, r2, #0x10000
 80013de:      	msr	primask, r3
 80013e2:      	uxth	r3, r6
 80013e4:      	movw	r6, #0x15dc
 80013e8:      	movt	r6, #0x2000
 80013ec:      	ldr	r6, [r6]
 80013ee:      	add	r2, r3
 80013f0:      	subs	r2, r2, r6
 80013f2:      	cmp	r1, #0x0
 80013f4:      	it	ne
 80013f6:      	movne	r4, #0x1
 80013f8:      	beq	0x800147c <main+0xcd4>  @ imm = #0x80
 80013fa:      	movw	r3, #0x423f
 80013fe:      	movt	r3, #0xf
 8001402:      	cmp	r2, r3
 8001404:      	bls	0x800147c <main+0xcd4>  @ imm = #0x74
 8001406:      	movw	r1, #0x15e0
 800140a:      	movs	r4, #0x0
 800140c:      	movt	r1, #0x2000
 8001410:      	strb	r4, [r1]
 8001412:      	movw	r1, #0x15d8
 8001416:      	movt	r1, #0x2000
 800141a:      	ldrh	r5, [r1]
 800141c:      	movw	r1, #0x15d0
 8001420:      	movt	r1, #0x2000
 8001424:      	ldrb	r6, [r1]
 8001426:      	movw	r2, #0x15e1
 800142a:      	movt	r2, #0x2000
 800142e:      	msr	primask, r0
 8001432:      	ldrb	r0, [r2]
 8001434:      	cmp	r0, #0x5
 8001436:      	beq.w	0x80016f8 <main+0xf50>  @ imm = #0x2be
 800143a:      	ldrb	r0, [r2]
 800143c:      	cmp	r0, #0x6
 800143e:      	beq.w	0x80016f8 <main+0xf50>  @ imm = #0x2b6
 8001442:      	movw	r0, #0x1008
 8001446:      	movt	r0, #0x4001
 800144a:      	movw	r3, #0x180c
 800144e:      	ldr	r2, [r0]
 8001450:      	mrs	r0, primask
 8001454:      	cpsid i
 8001456:      	movt	r3, #0x2000
 800145a:      	ldrh	r1, [r3]
 800145c:      	lsls	r2, r2, #0x12
 800145e:      	bmi.w	0x8001556 <main+0xdae>  @ imm = #0xf4
 8001462:      	orr	r1, r1, #0x80
 8001466:      	strh	r1, [r3]
 8001468:      	msr	primask, r0
 800146c:      	movw	r0, #0x800
 8001470:      	movt	r0, #0x4001
 8001474:      	mov.w	r1, #0x1000000
 8001478:      	str	r1, [r0, #0x10]
 800147a:      	b	0x80016f0 <main+0xf48>  @ imm = #0x272
 800147c:      	movw	r3, #0x15d8
 8001480:      	movt	r3, #0x2000
 8001484:      	ldrh	r5, [r3]
 8001486:      	movw	r3, #0x15d0
 800148a:      	movt	r3, #0x2000
 800148e:      	ldrb	r6, [r3]
 8001490:      	cmp	r1, #0x0
 8001492:      	beq	0x8001426 <main+0xc7e>  @ imm = #-0x70
 8001494:      	movw	r1, #0xd091
 8001498:      	movt	r1, #0x3
 800149c:      	cmp	r2, r1
 800149e:      	movw	r2, #0x15e1
 80014a2:      	movt	r2, #0x2000
 80014a6:      	blo	0x800142e <main+0xc86>  @ imm = #-0x7c
 80014a8:      	orrs.w	r1, r6, r5
 80014ac:      	mov.w	r5, #0x0
 80014b0:      	beq.w	0x80015d8 <main+0xe30>  @ imm = #0x124
 80014b4:      	movw	r1, #0x15d0
 80014b8:      	movt	r1, #0x2000
 80014bc:      	strb	r5, [r1]
 80014be:      	movw	r1, #0x15d8
 80014c2:      	movt	r1, #0x2000
 80014c6:      	strh	r5, [r1]
 80014c8:      	movw	r1, #0x0
 80014cc:      	movt	r1, #0x2000
 80014d0:      	movs	r2, #0xff
 80014d2:      	strb	r2, [r1]
 80014d4:      	movw	r1, #0x15d4
 80014d8:      	movt	r1, #0x2000
 80014dc:      	str	r5, [r1]
 80014de:      	movw	r1, #0x15c8
 80014e2:      	movt	r1, #0x2000
 80014e6:      	strb	r5, [r1]
 80014e8:      	movw	r1, #0x15da
 80014ec:      	movt	r1, #0x2000
 80014f0:      	strb	r5, [r1]
 80014f2:      	msr	primask, r0
 80014f6:      	movw	r2, #0x180c
 80014fa:      	mrs	r0, primask
 80014fe:      	cpsid i
 8001500:      	movt	r2, #0x2000
 8001504:      	ldrh	r1, [r2]
 8001506:      	movs	r4, #0x1
 8001508:      	orr	r1, r1, #0x40
 800150c:      	strh	r1, [r2]
 800150e:      	movw	r1, #0x17f4
 8001512:      	msr	primask, r0
 8001516:      	movt	r1, #0x2000
 800151a:      	mrs	r0, primask
 800151e:      	cpsid i
 8001520:      	strb	r5, [r1]
 8001522:      	ldr.w	r1, [r9]
 8001526:      	movw	r2, #0x15e1
 800152a:      	bic	r1, r1, #0x2
 800152e:      	str.w	r1, [r9]
 8001532:      	mov.w	r1, #0x10000
 8001536:      	str.w	r1, [r11, #0xc]
 800153a:      	mov.w	r1, #0x20000
 800153e:      	str.w	r1, [r11, #0xc]
 8001542:      	mov.w	r1, #0x4000000
 8001546:      	str.w	r1, [r11, #0xc]
 800154a:      	movt	r2, #0x2000
 800154e:      	msr	primask, r0
 8001552:      	movs	r6, #0x0
 8001554:      	b	0x8001432 <main+0xc8a>  @ imm = #-0x126
 8001556:      	bic	r1, r1, #0x80
 800155a:      	strh	r1, [r3]
 800155c:      	msr	primask, r0
 8001560:      	movw	r0, #0x800
 8001564:      	movt	r0, #0x4001
 8001568:      	mov.w	r1, #0x100
 800156c:      	str	r1, [r0, #0x10]
 800156e:      	movw	r0, #0x182c
 8001572:      	movt	r0, #0x2000
 8001576:      	ldr	r0, [r0]
 8001578:      	movw	r2, #0x15e1
 800157c:      	sub.w	r0, r12, r0
 8001580:      	cmp	r0, #0x4
 8001582:      	movt	r2, #0x2000
 8001586:      	blo.w	0x80016f8 <main+0xf50>  @ imm = #0x16e
 800158a:      	movw	r0, #0x1818
 800158e:      	movt	r0, #0x2000
 8001592:      	ldrb	r0, [r0]
 8001594:      	cmp	r0, #0x0
 8001596:      	movw	r0, #0x182c
 800159a:      	movt	r0, #0x2000
 800159e:      	str.w	r12, [r0]
 80015a2:      	bne	0x8001604 <main+0xe5c>  @ imm = #0x5e
 80015a4:      	movw	r0, #0x17e4
 80015a8:      	movt	r0, #0x2000
 80015ac:      	ldrh	r0, [r0]
 80015ae:      	cbz	r0, 0x80015de <main+0xe36> @ imm = #0x2c
 80015b0:      	mov.w	r0, #0xffffffff
 80015b4:      	str.w	r12, [sp, #0x8]
 80015b8:      	bl	0x8003e00 <step_iac>    @ imm = #0x2844
 80015bc:      	movw	r1, #0x17e4
 80015c0:      	movt	r1, #0x2000
 80015c4:      	ldrh	r0, [r1]
 80015c6:      	ldr.w	r12, [sp, #0x8]
 80015ca:      	movw	r2, #0x15e1
 80015ce:      	subs	r0, #0x1
 80015d0:      	movt	r2, #0x2000
 80015d4:      	strh	r0, [r1]
 80015d6:      	b	0x80016f8 <main+0xf50>  @ imm = #0x11e
 80015d8:      	movs	r4, #0x1
 80015da:      	movs	r6, #0x0
 80015dc:      	b	0x800142e <main+0xc86>  @ imm = #-0x1b2
 80015de:      	movw	r1, #0x1818
 80015e2:      	movs	r0, #0x1
 80015e4:      	movt	r1, #0x2000
 80015e8:      	movw	r3, #0x1830
 80015ec:      	strb	r0, [r1]
 80015ee:      	movs	r1, #0x0
 80015f0:      	movt	r3, #0x2000
 80015f4:      	ldrh.w	r0, [r8, #0x1ee]
 80015f8:      	strh	r1, [r3]
 80015fa:      	movw	r1, #0x1832
 80015fe:      	movt	r1, #0x2000
 8001602:      	strh	r0, [r1]
 8001604:      	movw	r1, #0x1834
 8001608:      	movt	r1, #0x2000
 800160c:      	ldr	r0, [r1]
 800160e:      	sub.w	r0, r12, r0
 8001612:      	cmp	r0, #0x31
 8001614:      	bls	0x8001626 <main+0xe7e>  @ imm = #0xe
 8001616:      	str.w	r12, [r1]
 800161a:      	ldr.w	r0, [r11, #0x4]
 800161e:      	lsls	r0, r0, #0x13
 8001620:      	bmi	0x8001632 <main+0xe8a>  @ imm = #0xe
 8001622:      	movs	r0, #0x0
 8001624:      	b	0x80016be <main+0xf16>  @ imm = #0x96
 8001626:      	movw	r0, #0x1832
 800162a:      	movt	r0, #0x2000
 800162e:      	ldrh	r0, [r0]
 8001630:      	b	0x80016c8 <main+0xf20>  @ imm = #0x94
 8001632:      	lsrs	r0, r5, #0x1
 8001634:      	cmp	r0, #0xe0
 8001636:      	bhi	0x800163e <main+0xe96>  @ imm = #0x4
 8001638:      	ldrh.w	r0, [r8, #0x1ee]
 800163c:      	b	0x80016be <main+0xf16>  @ imm = #0x7e
 800163e:      	movw	r0, #0x17e8
 8001642:      	movt	r0, #0x2000
 8001646:      	ldrh	r0, [r0]
 8001648:      	cmp	r0, #0x1e
 800164a:      	bhs	0x8001622 <main+0xe7a>  @ imm = #-0x2c
 800164c:      	movw	r0, #0x4
 8001650:      	movt	r0, #0x2000
 8001654:      	ldrsh.w	r0, [r0]
 8001658:      	mov.w	r1, #0xfa0
 800165c:      	movw	r2, #0x851f
 8001660:      	sub.w	r0, r1, r0, lsl #3
 8001664:      	movt	r2, #0x51eb
 8001668:      	smull	r0, r1, r0, r2
 800166c:      	ldrh.w	r0, [r8, #0x1f2]
 8001670:      	subs	r0, r0, r5
 8001672:      	smull	r0, r2, r0, r2
 8001676:      	asrs	r0, r1, #0x5
 8001678:      	add.w	r0, r0, r1, lsr #31
 800167c:      	movs	r1, #0x32
 800167e:      	cmp	r0, #0x32
 8001680:      	it	ge
 8001682:      	movge	r0, r1
 8001684:      	asrs	r1, r2, #0x3
 8001686:      	add.w	r1, r1, r2, lsr #31
 800168a:      	cmp	r1, #0x2d
 800168c:      	it	ge
 800168e:      	movge	r1, #0x2d
 8001690:      	ldrh.w	r2, [r8, #0x1f0]
 8001694:      	bic.w	r0, r0, r0, asr #31
 8001698:      	cmn.w	r1, #0x14
 800169c:      	it	le
 800169e:      	mvnle	r1, #0x13
 80016a2:      	add	r2, r0
 80016a4:      	ldrh.w	r0, [r8, #0x1ec]
 80016a8:      	add	r1, r2
 80016aa:      	movw	r2, #0x15e1
 80016ae:      	movt	r2, #0x2000
 80016b2:      	cmp	r1, r0
 80016b4:      	it	lt
 80016b6:      	movlt	r0, r1
 80016b8:      	cmp	r1, #0x0
 80016ba:      	it	mi
 80016bc:      	movmi	r0, #0x0
 80016be:      	movw	r1, #0x1832
 80016c2:      	movt	r1, #0x2000
 80016c6:      	strh	r0, [r1]
 80016c8:      	movw	r1, #0x1830
 80016cc:      	movt	r1, #0x2000
 80016d0:      	ldrsh.w	r1, [r1]
 80016d4:      	sxth	r0, r0
 80016d6:      	cmp	r1, r0
 80016d8:      	bge	0x80016de <main+0xf36>  @ imm = #0x2
 80016da:      	movs	r0, #0x1
 80016dc:      	b	0x80016e4 <main+0xf3c>  @ imm = #0x4
 80016de:      	ble	0x80016f8 <main+0xf50>  @ imm = #0x16
 80016e0:      	mov.w	r0, #0xffffffff
 80016e4:      	str.w	r12, [sp, #0x8]
 80016e8:      	bl	0x8003e00 <step_iac>    @ imm = #0x2714
 80016ec:      	ldr.w	r12, [sp, #0x8]
 80016f0:      	movw	r2, #0x15e1
 80016f4:      	movt	r2, #0x2000
 80016f8:      	ldrb	r0, [r2]
 80016fa:      	cmp	r0, #0x7
 80016fc:      	beq	0x80017e2 <main+0x103a> @ imm = #0xe2
 80016fe:      	cmp.w	r5, #0x1c2
 8001702:      	blo	0x8001760 <main+0xfb8>  @ imm = #0x5a
 8001704:      	cbz	r6, 0x8001760 <main+0xfb8> @ imm = #0x58
 8001706:      	ldrb.w	r0, [r8, #0x1f6]
 800170a:      	cbnz	r0, 0x8001760 <main+0xfb8> @ imm = #0x52
 800170c:      	ldr.w	r0, [r11, #0x4]
 8001710:      	lsls	r0, r0, #0x13
 8001712:      	bpl	0x8001760 <main+0xfb8>  @ imm = #0x4a
 8001714:      	movw	r0, #0x8
 8001718:      	movt	r0, #0x2000
 800171c:      	ldrh	r0, [r0]
 800171e:      	movw	r1, #0x2328
 8001722:      	cmp	r0, r1
 8001724:      	blo	0x8001760 <main+0xfb8>  @ imm = #0x38
 8001726:      	movw	r1, #0x4075
 800172a:      	cmp	r0, r1
 800172c:      	bhs	0x8001760 <main+0xfb8>  @ imm = #0x30
 800172e:      	movw	r0, #0x183c
 8001732:      	movt	r0, #0x2000
 8001736:      	ldr	r0, [r0]
 8001738:      	cbnz	r0, 0x8001748 <main+0xfa0> @ imm = #0xc
 800173a:      	movw	r0, #0x183c
 800173e:      	movt	r0, #0x2000
 8001742:      	str.w	r12, [r0]
 8001746:      	mov	r0, r12
 8001748:      	sub.w	r1, r12, r0
 800174c:      	ldrb.w	r0, [r8, #0x1f5]
 8001750:      	lsrs	r2, r1, #0x4
 8001752:      	cmp	r2, #0x7c
 8001754:      	bhi	0x800177c <main+0xfd4>  @ imm = #0x24
 8001756:      	cmp	r0, #0x14
 8001758:      	bls	0x800177c <main+0xfd4>  @ imm = #0x20
 800175a:      	movs	r0, #0x14
 800175c:      	b	0x80017ac <main+0x1004> @ imm = #0x4c
 800175e:      	nop
 8001760:      	movw	r1, #0x1815
 8001764:      	movs	r0, #0x0
 8001766:      	movt	r1, #0x2000
 800176a:      	strb	r0, [r1]
 800176c:      	movw	r1, #0x183c
 8001770:      	movt	r1, #0x2000
 8001774:      	str	r0, [r1]
 8001776:      	mov.w	r0, #0x80000000
 800177a:      	b	0x80017de <main+0x1036> @ imm = #0x60
 800177c:      	movw	r2, #0x1b57
 8001780:      	cmp	r1, r2
 8001782:      	bhi	0x80017ac <main+0x1004> @ imm = #0x26
 8001784:      	movw	r2, #0x7960
 8001788:      	movt	r2, #0xfffe
 800178c:      	movs	r3, #0x32
 800178e:      	mla	r1, r1, r3, r2
 8001792:      	movw	r2, #0x1759
 8001796:      	movt	r2, #0xd1b7
 800179a:      	umull	r1, r2, r1, r2
 800179e:      	movs	r1, #0x14
 80017a0:      	add.w	r1, r1, r2, lsr #12
 80017a4:      	uxtb	r1, r1
 80017a6:      	cmp	r0, r1
 80017a8:      	it	hs
 80017aa:      	movhs	r0, r1
 80017ac:      	movw	r1, #0x851f
 80017b0:      	movt	r1, #0x51eb
 80017b4:      	umull	r1, r2, r12, r1
 80017b8:      	lsrs	r1, r2, #0x5
 80017ba:      	movs	r2, #0x64
 80017bc:      	mls	r1, r1, r2, r12
 80017c0:      	movw	r2, #0x1815
 80017c4:      	movt	r2, #0x2000
 80017c8:      	strb	r0, [r2]
 80017ca:      	movw	r2, #0x15e1
 80017ce:      	cmp	r1, r0
 80017d0:      	mov.w	r0, #0x80000000
 80017d4:      	movt	r2, #0x2000
 80017d8:      	it	lo
 80017da:      	movlo.w	r0, #0x8000
 80017de:      	str.w	r0, [r11, #0xc]
 80017e2:      	ldr.w	r1, [r11, #0x4]
 80017e6:      	ldrb	r0, [r2]
 80017e8:      	lsls	r1, r1, #0x13
 80017ea:      	bmi	0x8001844 <main+0x109c> @ imm = #0x56
 80017ec:      	cbz	r0, 0x8001800 <main+0x1058> @ imm = #0x10
 80017ee:      	movs	r0, #0x1
 80017f0:      	mov	r4, r12
 80017f2:      	bl	0x8002aa4 <stop_actuator_test> @ imm = #0x12ae
 80017f6:      	movw	r2, #0x15e1
 80017fa:      	mov	r12, r4
 80017fc:      	movt	r2, #0x2000
 8001800:      	mov.w	r0, #0x8000000
 8001804:      	movw	r3, #0x17f4
 8001808:      	str.w	r0, [r11, #0xc]
 800180c:      	movs	r1, #0x0
 800180e:      	movt	r3, #0x2000
 8001812:      	mrs	r0, primask
 8001816:      	cpsid i
 8001818:      	strb	r1, [r3]
 800181a:      	ldr.w	r1, [r9]
 800181e:      	bic	r1, r1, #0x2
 8001822:      	str.w	r1, [r9]
 8001826:      	mov.w	r1, #0x10000
 800182a:      	str.w	r1, [r11, #0xc]
 800182e:      	mov.w	r1, #0x20000
 8001832:      	str.w	r1, [r11, #0xc]
 8001836:      	mov.w	r1, #0x4000000
 800183a:      	str.w	r1, [r11, #0xc]
 800183e:      	msr	primask, r0
 8001842:      	b	0x800186a <main+0x10c2> @ imm = #0x24
 8001844:      	cmp	r0, #0x1
 8001846:      	beq	0x800186a <main+0x10c2> @ imm = #0x20
 8001848:      	lsr.w	r0, r12, #0x4
 800184c:      	cmp	r0, #0x7c
 800184e:      	mov.w	r0, #0x0
 8001852:      	it	hi
 8001854:      	movhi	r0, #0x1
 8001856:      	eor	r1, r4, #0x1
 800185a:      	tst	r0, r1
 800185c:      	ite	ne
 800185e:      	movne.w	r0, #0x8000000
 8001862:      	moveq.w	r0, #0x800
 8001866:      	str.w	r0, [r11, #0xc]
 800186a:      	ldrb	r0, [r2]
 800186c:      	movw	r4, #0x24
 8001870:      	movt	r4, #0x2000
 8001874:      	cbz	r0, 0x80018ba <main+0x1112> @ imm = #0x42
 8001876:      	ldr.w	r1, [r11, #0x4]
 800187a:      	lsls	r1, r1, #0x12
 800187c:      	bmi	0x80018b0 <main+0x1108> @ imm = #0x30
 800187e:      	movw	r1, #0x15d8
 8001882:      	movt	r1, #0x2000
 8001886:      	ldrh	r1, [r1]
 8001888:      	cbnz	r1, 0x80018b0 <main+0x1108> @ imm = #0x24
 800188a:      	movw	r1, #0x15d0
 800188e:      	movt	r1, #0x2000
 8001892:      	ldrb	r1, [r1]
 8001894:      	cbnz	r1, 0x80018b0 <main+0x1108> @ imm = #0x18
 8001896:      	ldr.w	r1, [r11, #0x4]
 800189a:      	lsls	r1, r1, #0x13
 800189c:      	bpl	0x80018b0 <main+0x1108> @ imm = #0x10
 800189e:      	movw	r1, #0x181c
 80018a2:      	movt	r1, #0x2000
 80018a6:      	ldr	r1, [r1]
 80018a8:      	subs.w	r1, r12, r1
 80018ac:      	bmi	0x800192e <main+0x1186> @ imm = #0x7e
 80018ae:      	nop
 80018b0:      	movs	r0, #0x1
 80018b2:      	mov	r5, r12
 80018b4:      	bl	0x8002aa4 <stop_actuator_test> @ imm = #0x11ec
 80018b8:      	mov	r12, r5
 80018ba:      	movw	r0, #0x10
 80018be:      	movt	r0, #0x2000
 80018c2:      	ldrb	r0, [r0]
 80018c4:      	cmp	r0, #0x0
 80018c6:      	beq.w	0x8000e7c <main+0x6d4>  @ imm = #-0xa4e
 80018ca:      	movw	r1, #0x17f0
 80018ce:      	movt	r1, #0x2000
 80018d2:      	ldr	r1, [r1]
 80018d4:      	mov.w	r2, #0x3e8
 80018d8:      	udiv	r0, r2, r0
 80018dc:      	sub.w	r1, r12, r1
 80018e0:      	cmp	r1, r0
 80018e2:      	blo.w	0x8000e7c <main+0x6d4>  @ imm = #-0xa6a
 80018e6:      	movw	r0, #0x17f0
 80018ea:      	movt	r0, #0x2000
 80018ee:      	str.w	r12, [r0]
 80018f2:      	ldrh	r0, [r4, #0xa]
 80018f4:      	ldrh	r1, [r4, #0x8]
 80018f6:      	mvns	r1, r1
 80018f8:      	add	r0, r1
 80018fa:      	tst.w	r0, #0x700
 80018fe:      	beq	0x8001906 <main+0x115e> @ imm = #0x4
 8001900:      	mov	r0, r4
 8001902:      	bl	0x8002b5c <print_status> @ imm = #0x1256
 8001906:      	movw	r1, #0xaf4
 800190a:      	movt	r1, #0x2000
 800190e:      	ldrh	r0, [r1, #0xa]
 8001910:      	ldrh	r1, [r1, #0x8]
 8001912:      	mvns	r1, r1
 8001914:      	add	r0, r1
 8001916:      	tst.w	r0, #0x700
 800191a:      	beq.w	0x8000e7c <main+0x6d4>  @ imm = #-0xaa2
 800191e:      	movw	r0, #0xaf4
 8001922:      	movt	r0, #0x2000
 8001926:      	bl	0x8002b5c <print_status> @ imm = #0x1232
 800192a:      	b.w	0x8000e7c <main+0x6d4>  @ imm = #-0xab2
 800192e:      	cmp	r0, #0x7
 8001930:      	beq	0x800193c <main+0x1194> @ imm = #0x8
 8001932:      	cmp	r0, #0x1
 8001934:      	bne	0x800196e <main+0x11c6> @ imm = #0x36
 8001936:      	mov.w	r0, #0x800
 800193a:      	b	0x8001968 <main+0x11c0> @ imm = #0x2a
 800193c:      	movw	r0, #0x851f
 8001940:      	movt	r0, #0x51eb
 8001944:      	umull	r0, r1, r12, r0
 8001948:      	lsrs	r0, r1, #0x5
 800194a:      	movs	r1, #0x64
 800194c:      	mls	r0, r0, r1, r12
 8001950:      	movw	r1, #0x1815
 8001954:      	movt	r1, #0x2000
 8001958:      	movs	r2, #0x14
 800195a:      	cmp	r0, #0x13
 800195c:      	mov.w	r0, #0x8000
 8001960:      	strb	r2, [r1]
 8001962:      	it	hi
 8001964:      	movhi.w	r0, #0x80000000
 8001968:      	str.w	r0, [r11, #0xc]
 800196c:      	b	0x80018ba <main+0x1112> @ imm = #-0xb6
 800196e:      	subs	r1, r0, #0x5
 8001970:      	cmp	r1, #0x1
 8001972:      	bhi	0x80018ba <main+0x1112> @ imm = #-0xbc
 8001974:      	movw	r1, #0x1820
 8001978:      	movt	r1, #0x2000
 800197c:      	ldrh	r1, [r1]
 800197e:      	cmp	r1, #0x0
 8001980:      	beq	0x80018ba <main+0x1112> @ imm = #-0xca
 8001982:      	movw	r1, #0x1824
 8001986:      	movt	r1, #0x2000
 800198a:      	ldr	r1, [r1]
 800198c:      	subs.w	r1, r12, r1
 8001990:      	bmi	0x80018ba <main+0x1112> @ imm = #-0xda
 8001992:      	movw	r2, #0x1824
 8001996:      	add.w	r1, r12, #0x5
 800199a:      	movt	r2, #0x2000
 800199e:      	cmp	r0, #0x5
 80019a0:      	mov.w	r0, #0xffffffff
 80019a4:      	str	r1, [r2]
 80019a6:      	it	eq
 80019a8:      	moveq	r0, #0x1
 80019aa:      	mov	r5, r12
 80019ac:      	bl	0x8003e00 <step_iac>    @ imm = #0x2450
 80019b0:      	movw	r2, #0x1820
 80019b4:      	movt	r2, #0x2000
 80019b8:      	ldrh	r0, [r2]
 80019ba:      	mov	r12, r5
 80019bc:      	subs	r0, #0x1
 80019be:      	lsls	r1, r0, #0x10
 80019c0:      	strh	r0, [r2]
 80019c2:      	bne.w	0x80018ba <main+0x1112> @ imm = #-0x10c
 80019c6:      	movs	r0, #0x1
 80019c8:      	b	0x80018b4 <main+0x110c> @ imm = #-0x118

080019ca <read_sensors>:
 80019ca:      	push	{r4, r5, r6, r7, lr}
 80019cc:      	add	r7, sp, #0xc
 80019ce:      	push.w	{r8, r9, r10, r11}
 80019d2:      	sub	sp, #0x14
 80019d4:      	movs	r0, #0x0
 80019d6:      	bl	0x8003074 <adc_read>    @ imm = #0x169a
 80019da:      	mov	r5, r0
 80019dc:      	str	r0, [sp]
 80019de:      	movs	r0, #0x1
 80019e0:      	bl	0x8003074 <adc_read>    @ imm = #0x1690
 80019e4:      	mov	r6, r0
 80019e6:      	movs	r0, #0x4
 80019e8:      	bl	0x8003074 <adc_read>    @ imm = #0x1688
 80019ec:      	mov	r4, r0
 80019ee:      	movs	r0, #0x5
 80019f0:      	bl	0x8003074 <adc_read>    @ imm = #0x1680
 80019f4:      	mov	r9, r0
 80019f6:      	movs	r0, #0x6
 80019f8:      	bl	0x8003074 <adc_read>    @ imm = #0x1678
 80019fc:      	mov	r8, r0
 80019fe:      	movs	r0, #0x7
 8001a00:      	bl	0x8003074 <adc_read>    @ imm = #0x1670
 8001a04:      	movw	r1, #0xce4
 8001a08:      	movs	r2, #0x11
 8001a0a:      	muls	r1, r6, r1
 8001a0c:      	movt	r2, #0x1001
 8001a10:      	umull	r1, r2, r1, r2
 8001a14:      	lsrs	r2, r2, #0x8
 8001a16:      	add.w	r2, r2, r2, lsl #1
 8001a1a:      	str	r6, [sp, #0x8]
 8001a1c:      	lsrs	r2, r2, #0x1
 8001a1e:      	movs	r6, #0x13
 8001a20:      	movw	r3, #0x15e4
 8001a24:      	muls	r2, r6, r2
 8001a26:      	movw	r6, #0x251c
 8001a2a:      	movt	r3, #0x2000
 8001a2e:      	subs	r2, r2, r6
 8001a30:      	movw	r6, #0x6667
 8001a34:      	ldrh.w	r1, [r3, #0x1e4]
 8001a38:      	ldrh.w	r3, [r3, #0x1e2]
 8001a3c:      	movt	r6, #0x6666
 8001a40:      	smull	r2, r6, r2, r6
 8001a44:      	subs	r1, r1, r3
 8001a46:      	subs	r2, r5, r3
 8001a48:      	mov.w	r3, #0x3e8
 8001a4c:      	cmp	r1, #0x50
 8001a4e:      	it	le
 8001a50:      	movle	r1, #0x50
 8001a52:      	muls	r2, r3, r2
 8001a54:      	sdiv	r1, r2, r1
 8001a58:      	mov	r11, r0
 8001a5a:      	cmp.w	r1, #0x3e8
 8001a5e:      	it	lt
 8001a60:      	movlt	r3, r1
 8001a62:      	bic.w	r0, r3, r3, asr #31
 8001a66:      	str	r0, [sp, #0x4]
 8001a68:      	asrs	r0, r6, #0x5
 8001a6a:      	add.w	r0, r0, r6, lsr #31
 8001a6e:      	adds	r0, #0xc8
 8001a70:      	cmp.w	r0, #0x4b0
 8001a74:      	mov	r10, r0
 8001a76:      	movw	r1, #0x44de
 8001a7a:      	it	ge
 8001a7c:      	movge.w	r10, #0x4b0
 8001a80:      	cmp	r0, #0x64
 8001a82:      	movt	r1, #0x800
 8001a86:      	mov	r0, r4
 8001a88:      	it	lo
 8001a8a:      	movlo.w	r10, #0x64
 8001a8e:      	str	r4, [sp, #0xc]
 8001a90:      	bl	0x80030c0 <ntc_lookup>  @ imm = #0x162c
 8001a94:      	movw	r1, #0x4522
 8001a98:      	mov	r4, r0
 8001a9a:      	movt	r1, #0x800
 8001a9e:      	mov	r0, r9
 8001aa0:      	str.w	r9, [sp, #0x10]
 8001aa4:      	bl	0x80030c0 <ntc_lookup>  @ imm = #0x1618
 8001aa8:      	movw	r1, #0xdec4
 8001aac:      	movt	r1, #0x2
 8001ab0:      	movw	r2, #0x9a67
 8001ab4:      	mul	r1, r8, r1
 8001ab8:      	movt	r2, #0xccd9
 8001abc:      	umull	r1, r8, r1, r2
 8001ac0:      	movw	r1, #0x4
 8001ac4:      	movt	r1, #0x2000
 8001ac8:      	ldrsh.w	r12, [r1]
 8001acc:      	movw	r6, #0xaaab
 8001ad0:      	sub.w	r1, r4, r12
 8001ad4:      	movt	r6, #0x2aaa
 8001ad8:      	smull	r1, r5, r1, r6
 8001adc:      	movw	r1, #0x6
 8001ae0:      	movt	r1, #0x2000
 8001ae4:      	ldrsh.w	r4, [r1]
 8001ae8:      	movw	lr, #0x8
 8001aec:      	movt	lr, #0x2000
 8001af0:      	subs	r0, r0, r4
 8001af2:      	ldrh.w	r3, [lr]
 8001af6:      	smull	r0, r1, r0, r6
 8001afa:      	rsb	r0, r3, r8, lsr #15
 8001afe:      	smull	r0, r8, r0, r6
 8001b02:      	movw	r0, #0xce4
 8001b06:      	movs	r2, #0x11
 8001b08:      	mul	r0, r11, r0
 8001b0c:      	movt	r2, #0x1001
 8001b10:      	umull	r0, r11, r0, r2
 8001b14:      	movw	r0, #0x2
 8001b18:      	movt	r0, #0x2000
 8001b1c:      	ldrh	r6, [r0]
 8001b1e:      	sub.w	r10, r10, r6
 8001b22:      	asr.w	r9, r10, #0x1f
 8001b26:      	add.w	r2, r10, r9, lsr #29
 8001b2a:      	movw	r10, #0x17e8
 8001b2e:      	add.w	r2, r6, r2, lsr #3
 8001b32:      	movt	r10, #0x2000
 8001b36:      	strh	r2, [r0]
 8001b38:      	ldrh.w	r0, [r10]
 8001b3c:      	ldr	r2, [sp, #0x4]
 8001b3e:      	ldr.w	r9, [sp]
 8001b42:      	subs	r2, r2, r0
 8001b44:      	add.w	r2, r2, r2, lsr #30
 8001b48:      	add.w	r0, r0, r2, lsr #2
 8001b4c:      	strh.w	r0, [r10]
 8001b50:      	lsrs	r0, r5, #0x1
 8001b52:      	add.w	r0, r0, r5, lsr #31
 8001b56:      	movw	r2, #0x4
 8001b5a:      	movw	r6, #0x17e6
 8001b5e:      	add	r0, r12
 8001b60:      	movt	r2, #0x2000
 8001b64:      	movt	r6, #0x2000
 8001b68:      	strh	r0, [r2]
 8001b6a:      	lsrs	r0, r1, #0x1
 8001b6c:      	strh.w	r9, [r6]
 8001b70:      	movw	r6, #0x15e4
 8001b74:      	add.w	r0, r0, r1, lsr #31
 8001b78:      	movw	r1, #0x6
 8001b7c:      	movt	r6, #0x2000
 8001b80:      	add	r0, r4
 8001b82:      	movt	r1, #0x2000
 8001b86:      	strh	r0, [r1]
 8001b88:      	add.w	r0, r8, r8, lsr #31
 8001b8c:      	ldrb.w	r1, [r6, #0x1f6]
 8001b90:      	add	r0, r3
 8001b92:      	strh.w	r0, [lr]
 8001b96:      	lsr.w	r0, r11, #0x8
 8001b9a:      	cbz	r1, 0x8001c16 <read_sensors+0x24c> @ imm = #0x78
 8001b9c:      	add.w	r0, r0, r0, lsl #1
 8001ba0:      	lsrs	r1, r0, #0x1
 8001ba2:      	movw	r2, #0x1388
 8001ba6:      	cmp	r1, r2
 8001ba8:      	movw	r1, #0xa
 8001bac:      	movt	r1, #0x2000
 8001bb0:      	ldrh	r3, [r1]
 8001bb2:      	it	lt
 8001bb4:      	lsrlt	r2, r0, #0x1
 8001bb6:      	subs	r0, r2, r3
 8001bb8:      	movw	r2, #0x6667
 8001bbc:      	movt	r2, #0x6666
 8001bc0:      	smull	r0, r2, r0, r2
 8001bc4:      	asrs	r0, r2, #0x2
 8001bc6:      	add.w	r0, r0, r2, lsr #31
 8001bca:      	ldrh.w	r2, [r6, #0x1fa]
 8001bce:      	ldrh.w	r6, [r6, #0x1f8]
 8001bd2:      	add	r0, r3
 8001bd4:      	subs	r2, r2, r6
 8001bd6:      	uxth	r3, r0
 8001bd8:      	uxth	r2, r2
 8001bda:      	movw	r5, #0x1759
 8001bde:      	muls	r2, r3, r2
 8001be0:      	movt	r5, #0xd1b7
 8001be4:      	umull	r2, r5, r2, r5
 8001be8:      	movw	r2, #0x1357
 8001bec:      	subs	r2, r3, r2
 8001bee:      	movw	r3, #0xecdb
 8001bf2:      	strh	r0, [r1]
 8001bf4:      	movw	r1, #0x17ea
 8001bf8:      	movt	r3, #0xffff
 8001bfc:      	add.w	r0, r6, r5, lsr #12
 8001c00:      	movt	r1, #0x2000
 8001c04:      	cmp	r2, r3
 8001c06:      	strh	r0, [r1]
 8001c08:      	blo	0x8001c5e <read_sensors+0x294> @ imm = #0x52
 8001c0a:      	uxth	r1, r0
 8001c0c:      	cmp.w	r1, #0x3d4
 8001c10:      	bhs	0x8001c86 <read_sensors+0x2bc> @ imm = #0x72
 8001c12:      	movs	r0, #0xff
 8001c14:      	b	0x8001caa <read_sensors+0x2e0> @ imm = #0x92
 8001c16:      	movw	r1, #0xa
 8001c1a:      	movt	r1, #0x2000
 8001c1e:      	ldrh	r2, [r1]
 8001c20:      	movw	r3, #0x6667
 8001c24:      	subs	r0, r0, r2
 8001c26:      	movt	r3, #0x6666
 8001c2a:      	smull	r0, r3, r0, r3
 8001c2e:      	asrs	r0, r3, #0x2
 8001c30:      	add.w	r0, r0, r3, lsr #31
 8001c34:      	add	r0, r2
 8001c36:      	strh	r0, [r1]
 8001c38:      	movw	r1, #0x17ea
 8001c3c:      	movt	r1, #0x2000
 8001c40:      	movs	r2, #0x0
 8001c42:      	strh	r2, [r1]
 8001c44:      	movw	r1, #0x15d8
 8001c48:      	movt	r1, #0x2000
 8001c4c:      	ldrh	r1, [r1]
 8001c4e:      	cbz	r1, 0x8001c5e <read_sensors+0x294> @ imm = #0xc
 8001c50:      	movw	r1, #0x1815
 8001c54:      	movt	r1, #0x2000
 8001c58:      	ldrb	r1, [r1]
 8001c5a:      	cmp	r1, #0x32
 8001c5c:      	bhs	0x8001c92 <read_sensors+0x2c8> @ imm = #0x32
 8001c5e:      	movw	r0, #0xc
 8001c62:      	movt	r0, #0x2000
 8001c66:      	movs	r1, #0x2
 8001c68:      	strb	r1, [r0]
 8001c6a:      	movw	r1, #0x180c
 8001c6e:      	mrs	r0, primask
 8001c72:      	cpsid i
 8001c74:      	movt	r1, #0x2000
 8001c78:      	ldrh	r2, [r1]
 8001c7a:      	orr	r2, r2, #0x100
 8001c7e:      	strh	r2, [r1]
 8001c80:      	msr	primask, r0
 8001c84:      	b	0x8001cce <read_sensors+0x304> @ imm = #0x46
 8001c86:      	movs	r0, #0x0
 8001c88:      	cmp.w	r1, #0x3fc
 8001c8c:      	it	hi
 8001c8e:      	movhi	r0, #0x1
 8001c90:      	b	0x8001caa <read_sensors+0x2e0> @ imm = #0x16
 8001c92:      	uxth	r1, r0
 8001c94:      	cmp	r1, #0x78
 8001c96:      	bhs	0x8001c9c <read_sensors+0x2d2> @ imm = #0x2
 8001c98:      	movs	r0, #0x1
 8001c9a:      	b	0x8001caa <read_sensors+0x2e0> @ imm = #0xc
 8001c9c:      	movw	r2, #0x2ee
 8001ca0:      	movs	r0, #0x0
 8001ca2:      	cmp	r1, r2
 8001ca4:      	it	hi
 8001ca6:      	movhi.w	r0, #0xffffffff
 8001caa:      	movw	r1, #0xc
 8001cae:      	movt	r1, #0x2000
 8001cb2:      	strb	r0, [r1]
 8001cb4:      	movw	r1, #0x180c
 8001cb8:      	mrs	r0, primask
 8001cbc:      	cpsid i
 8001cbe:      	movt	r1, #0x2000
 8001cc2:      	ldrh	r2, [r1]
 8001cc4:      	bic	r2, r2, #0x100
 8001cc8:      	strh	r2, [r1]
 8001cca:      	msr	primask, r0
 8001cce:      	movw	r1, #0xf01e
 8001cd2:      	subw	r0, r9, #0xff1
 8001cd6:      	movt	r1, #0xffff
 8001cda:      	cmp	r0, r1
 8001cdc:      	ldr	r0, [sp, #0x10]
 8001cde:      	ldrd	r2, r1, [sp, #8]
 8001ce2:      	it	hs
 8001ce4:      	cmphs	r2, #0xf
 8001ce6:      	bhs	0x8001d04 <read_sensors+0x33a> @ imm = #0x1a
 8001ce8:      	movw	r1, #0x180c
 8001cec:      	mrs	r0, primask
 8001cf0:      	cpsid i
 8001cf2:      	movt	r1, #0x2000
 8001cf6:      	ldrh	r2, [r1]
 8001cf8:      	orr	r2, r2, #0x8
 8001cfc:      	strh	r2, [r1]
 8001cfe:      	msr	primask, r0
 8001d02:      	b	0x8001d1e <read_sensors+0x354> @ imm = #0x18
 8001d04:      	cmp.w	r2, #0xff0
 8001d08:      	bhi	0x8001ce8 <read_sensors+0x31e> @ imm = #-0x24
 8001d0a:      	cmp	r1, #0xf
 8001d0c:      	blo	0x8001ce8 <read_sensors+0x31e> @ imm = #-0x28
 8001d0e:      	cmp.w	r1, #0xff0
 8001d12:      	bhi	0x8001ce8 <read_sensors+0x31e> @ imm = #-0x2e
 8001d14:      	cmp	r0, #0xf
 8001d16:      	blo	0x8001ce8 <read_sensors+0x31e> @ imm = #-0x32
 8001d18:      	cmp.w	r0, #0xff0
 8001d1c:      	bhi	0x8001ce8 <read_sensors+0x31e> @ imm = #-0x38
 8001d1e:      	movw	r1, #0x1816
 8001d22:      	movt	r1, #0x2000
 8001d26:      	ldrh.w	r0, [r10]
 8001d2a:      	ldrh	r2, [r1]
 8001d2c:      	subs	r6, r0, r2
 8001d2e:      	movw	r2, #0x1a
 8001d32:      	movt	r2, #0x2000
 8001d36:      	ldrh	r3, [r2]
 8001d38:      	cmp	r6, #0xd
 8001d3a:      	blt	0x8001d58 <read_sensors+0x38e> @ imm = #0x1a
 8001d3c:      	add.w	r6, r6, r6, lsl #2
 8001d40:      	add.w	r6, r3, r6, lsr #1
 8001d44:      	movw	r3, #0x546
 8001d48:      	cmp	r6, r3
 8001d4a:      	it	lt
 8001d4c:      	movlt	r3, r6
 8001d4e:      	cmp.w	r6, #0x3e8
 8001d52:      	it	lo
 8001d54:      	movlo.w	r3, #0x3e8
 8001d58:      	movw	r6, #0xf640
 8001d5c:      	uxth	r3, r3
 8001d5e:      	movt	r6, #0xfff1
 8001d62:      	mov.w	r5, #0x398
 8001d66:      	mla	r3, r3, r5, r6
 8001d6a:      	movw	r6, #0x4dd3
 8001d6e:      	movt	r6, #0x1062
 8001d72:      	umull	r3, r6, r3, r6
 8001d76:      	mov.w	r3, #0x3e8
 8001d7a:      	add.w	r3, r3, r6, lsr #6
 8001d7e:      	strh	r3, [r2]
 8001d80:      	strh	r0, [r1]
 8001d82:      	add	sp, #0x14
 8001d84:      	pop.w	{r8, r9, r10, r11}
 8001d88:      	pop	{r4, r5, r6, r7, pc}
 8001d8a:      	bmi	0x8001d36 <read_sensors+0x36c> @ imm = #-0x58

08001d8c <port_char>:
 8001d8c:      	push	{r7, lr}
 8001d8e:      	mov	r7, sp
 8001d90:      	ldrh.w	r12, [r0, #0x8]
 8001d94:      	movw	r2, #0xe580
 8001d98:      	add.w	lr, r12, #0x1
 8001d9c:      	bfc	lr, #11, #21
 8001da0:      	movt	r2, #0xfff9
 8001da4:      	ldrh	r3, [r0, #0xa]
 8001da6:      	cmp	lr, r3
 8001da8:      	bne	0x8001db2 <port_char+0x26> @ imm = #0x6
 8001daa:      	adds	r2, #0x1
 8001dac:      	it	hs
 8001dae:      	pophs	{r7, pc}
 8001db0:      	b	0x8001da4 <port_char+0x18> @ imm = #-0x10
 8001db2:      	add.w	r2, r0, r12
 8001db6:      	strb.w	r1, [r2, #0x20e]
 8001dba:      	strh.w	lr, [r0, #0x8]
 8001dbe:      	mrs	r1, primask
 8001dc2:      	cpsid i
 8001dc4:      	ldr	r0, [r0]
 8001dc6:      	ldr	r2, [r0, #0xc]
 8001dc8:      	orr	r2, r2, #0x80
 8001dcc:      	str	r2, [r0, #0xc]
 8001dce:      	msr	primask, r1
 8001dd2:      	pop	{r7, pc}

08001dd4 <port_line>:
 8001dd4:      	push	{r4, r5, r6, r7, lr}
 8001dd6:      	add	r7, sp, #0xc
 8001dd8:      	str	r8, [sp, #-4]!
 8001ddc:      	ldrb	r2, [r1]
 8001dde:      	mov	r4, r0
 8001de0:      	cbz	r2, 0x8001df4 <port_line+0x20> @ imm = #0x10
 8001de2:      	adds	r5, r1, #0x1
 8001de4:      	uxtb	r1, r2
 8001de6:      	mov	r0, r4
 8001de8:      	bl	0x8001d8c <port_char>   @ imm = #-0x60
 8001dec:      	ldrb	r2, [r5], #1
 8001df0:      	cmp	r2, #0x0
 8001df2:      	bne	0x8001de4 <port_line+0x10> @ imm = #-0x12
 8001df4:      	movw	r8, #0x4103
 8001df8:      	movs	r1, #0x0
 8001dfa:      	movs	r0, #0xd
 8001dfc:      	movt	r8, #0x800
 8001e00:      	adds	r6, r1, #0x1
 8001e02:      	add.w	r5, r8, r1
 8001e06:      	uxtb	r1, r0
 8001e08:      	mov	r0, r4
 8001e0a:      	bl	0x8001d8c <port_char>   @ imm = #-0x82
 8001e0e:      	ldrb	r0, [r5, #0x1]
 8001e10:      	cmp	r6, #0x2
 8001e12:      	mov	r1, r6
 8001e14:      	bne	0x8001e00 <port_line+0x2c> @ imm = #-0x18
 8001e16:      	ldr	r8, [sp], #4
 8001e1a:      	pop	{r4, r5, r6, r7, pc}

08001e1c <service_port>:
 8001e1c:      	push	{r4, r5, r6, r7, lr}
 8001e1e:      	add	r7, sp, #0xc
 8001e20:      	push.w	{r8, r9, r10, r11}
 8001e24:      	sub	sp, #0x1c
 8001e26:      	mov	r11, r0
 8001e28:      	ldrh	r0, [r0, #0x6]
 8001e2a:      	ldrh.w	r1, [r11, #0x4]
 8001e2e:      	cmp	r0, r1
 8001e30:      	beq.w	0x80028ce <service_port+0xab2> @ imm = #0xa9a
 8001e34:      	movw	r5, #0x42e3
 8001e38:      	movs	r6, #0x0
 8001e3a:      	movt	r5, #0x800
 8001e3e:      	nop
 8001e40:      	ldrh.w	r0, [r11, #0x6]
 8001e44:      	add	r0, r11
 8001e46:      	ldrb	r0, [r0, #0xe]
 8001e48:      	ldrh.w	r1, [r11, #0x6]
 8001e4c:      	cmp	r0, #0xd
 8001e4e:      	add.w	r1, r1, #0x1
 8001e52:      	bfc	r1, #9, #23
 8001e56:      	strh.w	r1, [r11, #0x6]
 8001e5a:      	beq	0x8001e60 <service_port+0x44> @ imm = #0x2
 8001e5c:      	cmp	r0, #0xa
 8001e5e:      	bne	0x8001e68 <service_port+0x4c> @ imm = #0x6
 8001e60:      	ldrh.w	r0, [r11, #0xc]
 8001e64:      	cbz	r0, 0x8001e8c <service_port+0x70> @ imm = #0x24
 8001e66:      	b	0x8001e9c <service_port+0x80> @ imm = #0x32
 8001e68:      	ldrh.w	r1, [r11, #0xc]
 8001e6c:      	cmp	r1, #0xbe
 8001e6e:      	bhi	0x8001e7e <service_port+0x62> @ imm = #0xc
 8001e70:      	adds	r2, r1, #0x1
 8001e72:      	add	r1, r11
 8001e74:      	strh.w	r2, [r11, #0xc]
 8001e78:      	strb.w	r0, [r1, #0xa0e]
 8001e7c:      	b	0x8001e8c <service_port+0x70> @ imm = #0xc
 8001e7e:      	mov	r0, r11
 8001e80:      	mov	r1, r5
 8001e82:      	strh.w	r6, [r11, #0xc]
 8001e86:      	bl	0x8001dd4 <port_line>   @ imm = #-0xb6
 8001e8a:      	nop
 8001e8c:      	ldrh.w	r0, [r11, #0x6]
 8001e90:      	ldrh.w	r1, [r11, #0x4]
 8001e94:      	cmp	r0, r1
 8001e96:      	bne	0x8001e40 <service_port+0x24> @ imm = #-0x5a
 8001e98:      	b.w	0x80028ce <service_port+0xab2> @ imm = #0xa32
 8001e9c:      	ldrb.w	r3, [r11, #0xa0e]
 8001ea0:      	addw	r5, r11, #0xa0e
 8001ea4:      	mov.w	r10, #0x0
 8001ea8:      	cmp	r3, #0x0
 8001eaa:      	strb.w	r10, [r5, r0]
 8001eae:      	beq.w	0x80028ca <service_port+0xaae> @ imm = #0xa18
 8001eb2:      	add	r1, sp, #0x4
 8001eb4:      	movs	r2, #0x0
 8001eb6:      	mov	r0, r5
 8001eb8:      	adds	r5, #0x1
 8001eba:      	cmp	r3, #0x20
 8001ebc:      	bne	0x8001ec4 <service_port+0xa8> @ imm = #0x4
 8001ebe:      	ldrb	r3, [r0, #1]!
 8001ec2:      	b	0x8001eb8 <service_port+0x9c> @ imm = #-0xe
 8001ec4:      	cbz	r3, 0x8001eea <service_port+0xce> @ imm = #0x22
 8001ec6:      	adds	r6, r2, #0x1
 8001ec8:      	str.w	r0, [r1, r2, lsl #2]
 8001ecc:      	ldrb	r0, [r5, #-1]
 8001ed0:      	cbz	r0, 0x8001eec <service_port+0xd0> @ imm = #0x18
 8001ed2:      	cmp	r0, #0x20
 8001ed4:      	beq	0x8001eda <service_port+0xbe> @ imm = #0x2
 8001ed6:      	adds	r5, #0x1
 8001ed8:      	b	0x8001ecc <service_port+0xb0> @ imm = #-0x10
 8001eda:      	ldrb	r3, [r5]
 8001edc:      	strb	r10, [r5, #-1]
 8001ee0:      	cbz	r3, 0x8001eec <service_port+0xd0> @ imm = #0x8
 8001ee2:      	cmp	r2, #0x5
 8001ee4:      	mov	r2, r6
 8001ee6:      	blo	0x8001eb6 <service_port+0x9a> @ imm = #-0x34
 8001ee8:      	b	0x8001eec <service_port+0xd0> @ imm = #0x0
 8001eea:      	mov	r6, r2
 8001eec:      	uxtb	r3, r6
 8001eee:      	cmp	r3, #0x0
 8001ef0:      	beq.w	0x80028ca <service_port+0xaae> @ imm = #0x9d6
 8001ef4:      	ldr	r1, [sp, #0x4]
 8001ef6:      	ldrb.w	r12, [r1]
 8001efa:      	cmp.w	r12, #0x0
 8001efe:      	beq	0x8001f1e <service_port+0x102> @ imm = #0x1c
 8001f00:      	movw	r2, #0x407b
 8001f04:      	adds	r6, r1, #0x1
 8001f06:      	movt	r2, #0x800
 8001f0a:      	mov	r0, r12
 8001f0c:      	ldrb	r5, [r2]
 8001f0e:      	cmp	r0, r5
 8001f10:      	bne	0x8001f2a <service_port+0x10e> @ imm = #0x16
 8001f12:      	ldrb	r0, [r6], #1
 8001f16:      	adds	r2, #0x1
 8001f18:      	cmp	r0, #0x0
 8001f1a:      	bne	0x8001f0c <service_port+0xf0> @ imm = #-0x12
 8001f1c:      	b	0x8001f26 <service_port+0x10a> @ imm = #0x6
 8001f1e:      	movw	r2, #0x407b
 8001f22:      	movt	r2, #0x800
 8001f26:      	ldrb	r0, [r2]
 8001f28:      	cbz	r0, 0x8001f98 <service_port+0x17c> @ imm = #0x6c
 8001f2a:      	cmp.w	r12, #0x0
 8001f2e:      	beq	0x8001f4e <service_port+0x132> @ imm = #0x1c
 8001f30:      	movw	r6, #0x428f
 8001f34:      	adds	r2, r1, #0x1
 8001f36:      	movt	r6, #0x800
 8001f3a:      	mov	r0, r12
 8001f3c:      	ldrb	r5, [r6]
 8001f3e:      	cmp	r0, r5
 8001f40:      	bne	0x8001ffe <service_port+0x1e2> @ imm = #0xba
 8001f42:      	ldrb	r0, [r2], #1
 8001f46:      	adds	r6, #0x1
 8001f48:      	cmp	r0, #0x0
 8001f4a:      	bne	0x8001f3c <service_port+0x120> @ imm = #-0x12
 8001f4c:      	b	0x8001f56 <service_port+0x13a> @ imm = #0x6
 8001f4e:      	movw	r6, #0x428f
 8001f52:      	movt	r6, #0x800
 8001f56:      	subs	r2, r3, #0x1
 8001f58:      	it	ne
 8001f5a:      	movne	r2, #0x1
 8001f5c:      	cmp	r3, #0x1
 8001f5e:      	beq	0x8002004 <service_port+0x1e8> @ imm = #0xa2
 8001f60:      	ldrb	r0, [r6]
 8001f62:      	cmp	r0, #0x0
 8001f64:      	bne	0x8002004 <service_port+0x1e8> @ imm = #0x9c
 8001f66:      	ldr.w	r12, [sp, #0x8]
 8001f6a:      	ldrb.w	r6, [r12]
 8001f6e:      	cmp	r6, #0x0
 8001f70:      	beq.w	0x8002124 <service_port+0x308> @ imm = #0x1b0
 8001f74:      	movw	r2, #0x4293
 8001f78:      	add.w	r3, r12, #0x1
 8001f7c:      	movt	r2, #0x800
 8001f80:      	mov	r0, r6
 8001f82:      	nop
 8001f84:      	ldrb	r5, [r2]
 8001f86:      	cmp	r0, r5
 8001f88:      	bne.w	0x8002134 <service_port+0x318> @ imm = #0x1a8
 8001f8c:      	ldrb	r0, [r3], #1
 8001f90:      	adds	r2, #0x1
 8001f92:      	cmp	r0, #0x0
 8001f94:      	bne	0x8001f84 <service_port+0x168> @ imm = #-0x14
 8001f96:      	b	0x800212c <service_port+0x310> @ imm = #0x192
 8001f98:      	movw	r6, #0x3f69
 8001f9c:      	movs	r0, #0x4f
 8001f9e:      	movs	r5, #0x1
 8001fa0:      	movt	r6, #0x800
 8001fa4:      	uxtb	r1, r0
 8001fa6:      	mov	r0, r11
 8001fa8:      	bl	0x8001d8c <port_char>   @ imm = #-0x220
 8001fac:      	ldrb	r0, [r6, r5]
 8001fae:      	adds	r5, #0x1
 8001fb0:      	cmp	r5, #0x12
 8001fb2:      	bne	0x8001fa4 <service_port+0x188> @ imm = #-0x12
 8001fb4:      	movw	r8, #0x3fc3
 8001fb8:      	movs	r1, #0x0
 8001fba:      	movs	r0, #0x30
 8001fbc:      	movt	r8, #0x800
 8001fc0:      	adds	r6, r1, #0x1
 8001fc2:      	add.w	r5, r8, r1
 8001fc6:      	uxtb	r1, r0
 8001fc8:      	mov	r0, r11
 8001fca:      	bl	0x8001d8c <port_char>   @ imm = #-0x242
 8001fce:      	ldrb	r0, [r5, #0x1]
 8001fd0:      	cmp	r6, #0x10
 8001fd2:      	mov	r1, r6
 8001fd4:      	bne	0x8001fc0 <service_port+0x1a4> @ imm = #-0x18
 8001fd6:      	movw	r8, #0x4103
 8001fda:      	movs	r1, #0x0
 8001fdc:      	movs	r0, #0xd
 8001fde:      	movt	r8, #0x800
 8001fe2:      	nop
 8001fe4:      	adds	r6, r1, #0x1
 8001fe6:      	add.w	r5, r8, r1
 8001fea:      	uxtb	r1, r0
 8001fec:      	mov	r0, r11
 8001fee:      	bl	0x8001d8c <port_char>   @ imm = #-0x266
 8001ff2:      	ldrb	r0, [r5, #0x1]
 8001ff4:      	cmp	r6, #0x2
 8001ff6:      	mov	r1, r6
 8001ff8:      	bne	0x8001fe4 <service_port+0x1c8> @ imm = #-0x18
 8001ffa:      	b.w	0x80028ca <service_port+0xaae> @ imm = #0x8cc
 8001ffe:      	subs	r2, r3, #0x1
 8002000:      	it	ne
 8002002:      	movne	r2, #0x1
 8002004:      	cmp.w	r12, #0x0
 8002008:      	beq	0x800202a <service_port+0x20e> @ imm = #0x1e
 800200a:      	movw	r6, #0x4112
 800200e:      	adds	r5, r1, #0x1
 8002010:      	movt	r6, #0x800
 8002014:      	mov	r0, r12
 8002016:      	nop
 8002018:      	ldrb	r4, [r6]
 800201a:      	cmp	r0, r4
 800201c:      	bne	0x8002036 <service_port+0x21a> @ imm = #0x16
 800201e:      	ldrb	r0, [r5], #1
 8002022:      	adds	r6, #0x1
 8002024:      	cmp	r0, #0x0
 8002026:      	bne	0x8002018 <service_port+0x1fc> @ imm = #-0x12
 8002028:      	b	0x8002032 <service_port+0x216> @ imm = #0x6
 800202a:      	movw	r6, #0x4112
 800202e:      	movt	r6, #0x800
 8002032:      	ldrb	r0, [r6]
 8002034:      	cbz	r0, 0x800208e <service_port+0x272> @ imm = #0x56
 8002036:      	cmp.w	r12, #0x0
 800203a:      	beq	0x800205a <service_port+0x23e> @ imm = #0x1c
 800203c:      	movw	r3, #0x3fb2
 8002040:      	adds	r6, r1, #0x1
 8002042:      	movt	r3, #0x800
 8002046:      	mov	r0, r12
 8002048:      	ldrb	r5, [r3]
 800204a:      	cmp	r0, r5
 800204c:      	bne	0x8002068 <service_port+0x24c> @ imm = #0x18
 800204e:      	ldrb	r0, [r6], #1
 8002052:      	adds	r3, #0x1
 8002054:      	cmp	r0, #0x0
 8002056:      	bne	0x8002048 <service_port+0x22c> @ imm = #-0x12
 8002058:      	b	0x8002062 <service_port+0x246> @ imm = #0x6
 800205a:      	movw	r3, #0x3fb2
 800205e:      	movt	r3, #0x800
 8002062:      	ldrb	r0, [r3]
 8002064:      	cmp	r0, #0x0
 8002066:      	beq	0x8002158 <service_port+0x33c> @ imm = #0xee
 8002068:      	cmp.w	r12, #0x0
 800206c:      	beq	0x80020f0 <service_port+0x2d4> @ imm = #0x80
 800206e:      	movw	r3, #0x4072
 8002072:      	adds	r6, r1, #0x1
 8002074:      	movt	r3, #0x800
 8002078:      	mov	r0, r12
 800207a:      	nop
 800207c:      	ldrb	r5, [r3]
 800207e:      	cmp	r0, r5
 8002080:      	bne	0x8002100 <service_port+0x2e4> @ imm = #0x7c
 8002082:      	ldrb	r0, [r6], #1
 8002086:      	adds	r3, #0x1
 8002088:      	cmp	r0, #0x0
 800208a:      	bne	0x800207c <service_port+0x260> @ imm = #-0x12
 800208c:      	b	0x80020f8 <service_port+0x2dc> @ imm = #0x68
 800208e:      	movw	r0, #0xc08
 8002092:      	movt	r0, #0x4001
 8002096:      	ldr	r0, [r0]
 8002098:      	lsls	r0, r0, #0x12
 800209a:      	bmi.w	0x80028bc <service_port+0xaa0> @ imm = #0x81e
 800209e:      	movw	r0, #0x15d8
 80020a2:      	movt	r0, #0x2000
 80020a6:      	ldrh	r0, [r0]
 80020a8:      	cmp	r0, #0x0
 80020aa:      	bne.w	0x80028bc <service_port+0xaa0> @ imm = #0x80e
 80020ae:      	movw	r0, #0x15d0
 80020b2:      	movt	r0, #0x2000
 80020b6:      	ldrb	r0, [r0]
 80020b8:      	cmp	r0, #0x0
 80020ba:      	bne.w	0x80028bc <service_port+0xaa0> @ imm = #0x7fe
 80020be:      	cmp	r3, #0x5
 80020c0:      	blo.w	0x8002986 <service_port+0xb6a> @ imm = #0x8c2
 80020c4:      	ldr	r6, [sp, #0x8]
 80020c6:      	ldrb	r5, [r6]
 80020c8:      	cmp	r5, #0x0
 80020ca:      	beq.w	0x800294e <service_port+0xb32> @ imm = #0x880
 80020ce:      	movw	r0, #0x419d
 80020d2:      	adds	r1, r6, #0x1
 80020d4:      	movt	r0, #0x800
 80020d8:      	mov	r2, r5
 80020da:      	ldrb	r4, [r0]
 80020dc:      	cmp	r2, r4
 80020de:      	bne.w	0x800295a <service_port+0xb3e> @ imm = #0x878
 80020e2:      	ldrb	r2, [r1], #1
 80020e6:      	adds	r0, #0x1
 80020e8:      	cmp	r2, #0x0
 80020ea:      	bne	0x80020da <service_port+0x2be> @ imm = #-0x14
 80020ec:      	b.w	0x8002956 <service_port+0xb3a> @ imm = #0x866
 80020f0:      	movw	r3, #0x4072
 80020f4:      	movt	r3, #0x800
 80020f8:      	ldrb	r0, [r3]
 80020fa:      	cmp	r0, #0x0
 80020fc:      	beq.w	0x800224c <service_port+0x430> @ imm = #0x14c
 8002100:      	cmp.w	r12, #0x0
 8002104:      	beq	0x80021e4 <service_port+0x3c8> @ imm = #0xdc
 8002106:      	movw	r3, #0x42b4
 800210a:      	adds	r6, r1, #0x1
 800210c:      	movt	r3, #0x800
 8002110:      	mov	r0, r12
 8002112:      	ldrb	r5, [r3]
 8002114:      	cmp	r0, r5
 8002116:      	bne	0x80021f4 <service_port+0x3d8> @ imm = #0xda
 8002118:      	ldrb	r0, [r6], #1
 800211c:      	adds	r3, #0x1
 800211e:      	cmp	r0, #0x0
 8002120:      	bne	0x8002112 <service_port+0x2f6> @ imm = #-0x12
 8002122:      	b	0x80021ec <service_port+0x3d0> @ imm = #0xc6
 8002124:      	movw	r2, #0x4293
 8002128:      	movt	r2, #0x800
 800212c:      	ldrb	r0, [r2]
 800212e:      	cmp	r0, #0x0
 8002130:      	beq.w	0x800228a <service_port+0x46e> @ imm = #0x156
 8002134:      	cmp	r6, #0x0
 8002136:      	beq	0x8002218 <service_port+0x3fc> @ imm = #0xde
 8002138:      	movw	r2, #0x423b
 800213c:      	add.w	r3, r12, #0x1
 8002140:      	movt	r2, #0x800
 8002144:      	mov	r0, r6
 8002146:      	ldrb	r5, [r2]
 8002148:      	cmp	r0, r5
 800214a:      	bne	0x8002228 <service_port+0x40c> @ imm = #0xda
 800214c:      	ldrb	r0, [r3], #1
 8002150:      	adds	r2, #0x1
 8002152:      	cmp	r0, #0x0
 8002154:      	bne	0x8002146 <service_port+0x32a> @ imm = #-0x12
 8002156:      	b	0x8002220 <service_port+0x404> @ imm = #0xc6
 8002158:      	movw	r5, #0xc08
 800215c:      	movt	r5, #0x4001
 8002160:      	ldr	r0, [r5]
 8002162:      	lsls	r0, r0, #0x12
 8002164:      	bmi.w	0x80028bc <service_port+0xaa0> @ imm = #0x754
 8002168:      	movw	r0, #0x15d8
 800216c:      	movt	r0, #0x2000
 8002170:      	ldrh	r0, [r0]
 8002172:      	cmp	r0, #0x0
 8002174:      	bne.w	0x80028bc <service_port+0xaa0> @ imm = #0x744
 8002178:      	movw	r0, #0x15d0
 800217c:      	movt	r0, #0x2000
 8002180:      	ldrb	r0, [r0]
 8002182:      	cmp	r0, #0x0
 8002184:      	bne.w	0x80028bc <service_port+0xaa0> @ imm = #0x734
 8002188:      	movw	r0, #0x15e1
 800218c:      	movt	r0, #0x2000
 8002190:      	ldrb	r0, [r0]
 8002192:      	cbz	r0, 0x800219a <service_port+0x37e> @ imm = #0x4
 8002194:      	movs	r0, #0x1
 8002196:      	bl	0x8002aa4 <stop_actuator_test> @ imm = #0x90a
 800219a:      	movw	r1, #0x17f4
 800219e:      	movt	r1, #0x2000
 80021a2:      	movs	r2, #0x0
 80021a4:      	mrs	r0, primask
 80021a8:      	cpsid i
 80021aa:      	strb	r2, [r1]
 80021ac:      	movs	r1, #0xc
 80021ae:      	movt	r1, #0x4000
 80021b2:      	ldr	r2, [r1]
 80021b4:      	bic	r2, r2, #0x2
 80021b8:      	str	r2, [r1]
 80021ba:      	mov.w	r1, #0x10000
 80021be:      	str	r1, [r5, #0x8]
 80021c0:      	mov.w	r1, #0x20000
 80021c4:      	str	r1, [r5, #0x8]
 80021c6:      	mov.w	r1, #0x4000000
 80021ca:      	str	r1, [r5, #0x8]
 80021cc:      	msr	primask, r0
 80021d0:      	bl	0x800377c <save_calibration> @ imm = #0x15a8
 80021d4:      	cmp	r0, #0x0
 80021d6:      	beq.w	0x8002944 <service_port+0xb28> @ imm = #0x76a
 80021da:      	movw	r1, #0x40c6
 80021de:      	movt	r1, #0x800
 80021e2:      	b	0x80028c4 <service_port+0xaa8> @ imm = #0x6de
 80021e4:      	movw	r3, #0x42b4
 80021e8:      	movt	r3, #0x800
 80021ec:      	ldrb	r0, [r3]
 80021ee:      	cmp	r0, #0x0
 80021f0:      	beq.w	0x800233a <service_port+0x51e> @ imm = #0x146
 80021f4:      	cmp.w	r12, #0x0
 80021f8:      	beq	0x8002292 <service_port+0x476> @ imm = #0x96
 80021fa:      	movw	r3, #0x40df
 80021fe:      	adds	r6, r1, #0x1
 8002200:      	movt	r3, #0x800
 8002204:      	mov	r0, r12
 8002206:      	ldrb	r5, [r3]
 8002208:      	cmp	r0, r5
 800220a:      	bne	0x80022d2 <service_port+0x4b6> @ imm = #0xc4
 800220c:      	ldrb	r0, [r6], #1
 8002210:      	adds	r3, #0x1
 8002212:      	cmp	r0, #0x0
 8002214:      	bne	0x8002206 <service_port+0x3ea> @ imm = #-0x12
 8002216:      	b	0x800229a <service_port+0x47e> @ imm = #0x80
 8002218:      	movw	r2, #0x423b
 800221c:      	movt	r2, #0x800
 8002220:      	ldrb	r0, [r2]
 8002222:      	cmp	r0, #0x0
 8002224:      	beq.w	0x800239a <service_port+0x57e> @ imm = #0x172
 8002228:      	cmp	r6, #0x0
 800222a:      	beq	0x80022fa <service_port+0x4de> @ imm = #0xcc
 800222c:      	movw	r2, #0x405c
 8002230:      	add.w	r3, r12, #0x1
 8002234:      	movt	r2, #0x800
 8002238:      	mov	r0, r6
 800223a:      	ldrb	r5, [r2]
 800223c:      	cmp	r0, r5
 800223e:      	bne	0x800230a <service_port+0x4ee> @ imm = #0xc8
 8002240:      	ldrb	r0, [r3], #1
 8002244:      	adds	r2, #0x1
 8002246:      	cmp	r0, #0x0
 8002248:      	bne	0x800223a <service_port+0x41e> @ imm = #-0x12
 800224a:      	b	0x8002302 <service_port+0x4e6> @ imm = #0xb4
 800224c:      	movw	r0, #0xc08
 8002250:      	movt	r0, #0x4001
 8002254:      	ldr	r0, [r0]
 8002256:      	lsls	r0, r0, #0x12
 8002258:      	bmi.w	0x80028bc <service_port+0xaa0> @ imm = #0x660
 800225c:      	movw	r0, #0x15d8
 8002260:      	movt	r0, #0x2000
 8002264:      	ldrh	r0, [r0]
 8002266:      	cmp	r0, #0x0
 8002268:      	bne.w	0x80028bc <service_port+0xaa0> @ imm = #0x650
 800226c:      	movw	r0, #0x15d0
 8002270:      	movt	r0, #0x2000
 8002274:      	ldrb	r0, [r0]
 8002276:      	cmp	r0, #0x0
 8002278:      	bne.w	0x80028bc <service_port+0xaa0> @ imm = #0x640
 800227c:      	bl	0x8002f84 <load_defaults> @ imm = #0xd04
 8002280:      	movw	r1, #0x40cf
 8002284:      	movt	r1, #0x800
 8002288:      	b	0x80028c4 <service_port+0xaa8> @ imm = #0x638
 800228a:      	mov	r0, r11
 800228c:      	bl	0x8002b5c <print_status> @ imm = #0x8cc
 8002290:      	b	0x80028ca <service_port+0xaae> @ imm = #0x636
 8002292:      	movw	r3, #0x40df
 8002296:      	movt	r3, #0x800
 800229a:      	ldrb	r0, [r3]
 800229c:      	eor	r3, r2, #0x1
 80022a0:      	cmp	r0, #0x0
 80022a2:      	it	ne
 80022a4:      	movne	r0, #0x1
 80022a6:      	orrs	r0, r3
 80022a8:      	bne	0x80022d2 <service_port+0x4b6> @ imm = #0x26
 80022aa:      	ldr	r5, [sp, #0x8]
 80022ac:      	ldrb	r2, [r5]
 80022ae:      	cmp	r2, #0x0
 80022b0:      	beq.w	0x800288a <service_port+0xa6e> @ imm = #0x5d6
 80022b4:      	movw	r0, #0x4159
 80022b8:      	adds	r1, r5, #0x1
 80022ba:      	movt	r0, #0x800
 80022be:      	ldrb	r3, [r0]
 80022c0:      	cmp	r2, r3
 80022c2:      	bne.w	0x8002896 <service_port+0xa7a> @ imm = #0x5d0
 80022c6:      	ldrb	r2, [r1], #1
 80022ca:      	adds	r0, #0x1
 80022cc:      	cmp	r2, #0x0
 80022ce:      	bne	0x80022be <service_port+0x4a2> @ imm = #-0x14
 80022d0:      	b	0x8002892 <service_port+0xa76> @ imm = #0x5be
 80022d2:      	cmp.w	r12, #0x0
 80022d6:      	beq.w	0x800257a <service_port+0x75e> @ imm = #0x2a0
 80022da:      	movw	r3, #0x40b7
 80022de:      	adds	r6, r1, #0x1
 80022e0:      	movt	r3, #0x800
 80022e4:      	mov	r0, r12
 80022e6:      	ldrb	r5, [r3]
 80022e8:      	cmp	r0, r5
 80022ea:      	bne.w	0x80025ae <service_port+0x792> @ imm = #0x2c0
 80022ee:      	ldrb	r0, [r6], #1
 80022f2:      	adds	r3, #0x1
 80022f4:      	cmp	r0, #0x0
 80022f6:      	bne	0x80022e6 <service_port+0x4ca> @ imm = #-0x14
 80022f8:      	b	0x8002582 <service_port+0x766> @ imm = #0x286
 80022fa:      	movw	r2, #0x405c
 80022fe:      	movt	r2, #0x800
 8002302:      	ldrb	r0, [r2]
 8002304:      	cmp	r0, #0x0
 8002306:      	beq.w	0x80025d6 <service_port+0x7ba> @ imm = #0x2cc
 800230a:      	movw	r5, #0x429a
 800230e:      	cmp	r6, #0x0
 8002310:      	movt	r5, #0x800
 8002314:      	beq.w	0x800254a <service_port+0x72e> @ imm = #0x232
 8002318:      	movw	r2, #0x429a
 800231c:      	add.w	r3, r12, #0x1
 8002320:      	movt	r2, #0x800
 8002324:      	mov	r0, r6
 8002326:      	ldrb	r1, [r2]
 8002328:      	cmp	r0, r1
 800232a:      	bne.w	0x8002554 <service_port+0x738> @ imm = #0x226
 800232e:      	ldrb	r0, [r3], #1
 8002332:      	adds	r2, #0x1
 8002334:      	cmp	r0, #0x0
 8002336:      	bne	0x8002326 <service_port+0x50a> @ imm = #-0x14
 8002338:      	b	0x800254c <service_port+0x730> @ imm = #0x210
 800233a:      	movw	r0, #0xc08
 800233e:      	movt	r0, #0x4001
 8002342:      	ldr	r0, [r0]
 8002344:      	lsls	r0, r0, #0x12
 8002346:      	bmi.w	0x80028bc <service_port+0xaa0> @ imm = #0x572
 800234a:      	movw	r0, #0x15d8
 800234e:      	movt	r0, #0x2000
 8002352:      	ldrh	r0, [r0]
 8002354:      	cmp	r0, #0x0
 8002356:      	bne.w	0x80028bc <service_port+0xaa0> @ imm = #0x562
 800235a:      	movw	r0, #0x15d0
 800235e:      	movt	r0, #0x2000
 8002362:      	ldrb	r0, [r0]
 8002364:      	cmp	r0, #0x0
 8002366:      	bne.w	0x80028bc <service_port+0xaa0> @ imm = #0x552
 800236a:      	movw	r2, #0x15e4
 800236e:      	movw	r0, #0x1818
 8002372:      	movt	r2, #0x2000
 8002376:      	movt	r0, #0x2000
 800237a:      	movs	r1, #0x0
 800237c:      	ldrh.w	r2, [r2, #0x1ec]
 8002380:      	strb	r1, [r0]
 8002382:      	movw	r1, #0x17e4
 8002386:      	add.w	r0, r2, #0x28
 800238a:      	movt	r1, #0x2000
 800238e:      	strh	r0, [r1]
 8002390:      	movw	r1, #0x3f8f
 8002394:      	movt	r1, #0x800
 8002398:      	b	0x80028c4 <service_port+0xaa8> @ imm = #0x528
 800239a:      	mov	r0, r11
 800239c:      	movs	r1, #0x52
 800239e:      	bl	0x8001d8c <port_char>   @ imm = #-0x616
 80023a2:      	movw	r9, #0x4566
 80023a6:      	movs	r6, #0x0
 80023a8:      	movt	r9, #0x800
 80023ac:      	ldrh.w	r5, [r9, r6, lsl #1]
 80023b0:      	mov	r0, r11
 80023b2:      	movs	r1, #0x2c
 80023b4:      	bl	0x8001d8c <port_char>   @ imm = #-0x62c
 80023b8:      	mov	r0, r11
 80023ba:      	mov	r1, r5
 80023bc:      	bl	0x8003b84 <port_u32>    @ imm = #0x17c4
 80023c0:      	adds	r6, #0x1
 80023c2:      	cmp	r6, #0xd
 80023c4:      	bne	0x80023ac <service_port+0x590> @ imm = #-0x1c
 80023c6:      	movw	r6, #0x42bc
 80023ca:      	movs	r0, #0xd
 80023cc:      	movs	r5, #0x1
 80023ce:      	movt	r6, #0x800
 80023d2:      	uxtb	r1, r0
 80023d4:      	mov	r0, r11
 80023d6:      	bl	0x8001d8c <port_char>   @ imm = #-0x64e
 80023da:      	ldrb	r0, [r6, r5]
 80023dc:      	adds	r5, #0x1
 80023de:      	cmp	r5, #0x4
 80023e0:      	bne	0x80023d2 <service_port+0x5b6> @ imm = #-0x12
 80023e2:      	movw	r9, #0x4580
 80023e6:      	movs	r6, #0x0
 80023e8:      	movt	r9, #0x800
 80023ec:      	ldrh.w	r5, [r9, r6, lsl #1]
 80023f0:      	mov	r0, r11
 80023f2:      	movs	r1, #0x2c
 80023f4:      	bl	0x8001d8c <port_char>   @ imm = #-0x66c
 80023f8:      	mov	r0, r11
 80023fa:      	mov	r1, r5
 80023fc:      	bl	0x8003b84 <port_u32>    @ imm = #0x1784
 8002400:      	adds	r6, #0x1
 8002402:      	cmp	r6, #0x9
 8002404:      	bne	0x80023ec <service_port+0x5d0> @ imm = #-0x1c
 8002406:      	movw	r4, #0x4103
 800240a:      	movs	r1, #0x0
 800240c:      	movs	r0, #0xd
 800240e:      	movt	r4, #0x800
 8002412:      	adds	r5, r1, #0x1
 8002414:      	adds	r6, r4, r1
 8002416:      	uxtb	r1, r0
 8002418:      	mov	r0, r11
 800241a:      	bl	0x8001d8c <port_char>   @ imm = #-0x692
 800241e:      	ldrb	r0, [r6, #0x1]
 8002420:      	cmp	r5, #0x2
 8002422:      	mov	r1, r5
 8002424:      	bne	0x8002412 <service_port+0x5f6> @ imm = #-0x16
 8002426:      	movw	r0, #0x15e4
 800242a:      	movt	r0, #0x2000
 800242e:      	movw	r10, #0x4080
 8002432:      	add.w	r9, r0, #0x8
 8002436:      	movs	r4, #0x0
 8002438:      	movt	r10, #0x800
 800243c:      	movs	r1, #0x0
 800243e:      	movs	r0, #0x46
 8002440:      	adds	r6, r1, #0x1
 8002442:      	add.w	r5, r10, r1
 8002446:      	uxtb	r1, r0
 8002448:      	mov	r0, r11
 800244a:      	bl	0x8001d8c <port_char>   @ imm = #-0x6c2
 800244e:      	ldrb	r0, [r5, #0x1]
 8002450:      	cmp	r6, #0x2
 8002452:      	mov	r1, r6
 8002454:      	bne	0x8002440 <service_port+0x624> @ imm = #-0x18
 8002456:      	mov	r0, r11
 8002458:      	mov	r1, r4
 800245a:      	str	r4, [sp]
 800245c:      	bl	0x8003b84 <port_u32>    @ imm = #0x1724
 8002460:      	mov.w	r8, #0x0
 8002464:      	ldrh.w	r6, [r9, r8, lsl #1]
 8002468:      	mov	r0, r11
 800246a:      	movs	r1, #0x2c
 800246c:      	bl	0x8001d8c <port_char>   @ imm = #-0x6e4
 8002470:      	mov	r0, r11
 8002472:      	mov	r1, r6
 8002474:      	bl	0x8003b84 <port_u32>    @ imm = #0x170c
 8002478:      	add.w	r8, r8, #0x1
 800247c:      	cmp.w	r8, #0xd
 8002480:      	bne	0x8002464 <service_port+0x648> @ imm = #-0x20
 8002482:      	movw	r4, #0x4103
 8002486:      	movs	r1, #0x0
 8002488:      	movs	r0, #0xd
 800248a:      	movt	r4, #0x800
 800248e:      	nop
 8002490:      	adds	r5, r1, #0x1
 8002492:      	adds	r6, r4, r1
 8002494:      	uxtb	r1, r0
 8002496:      	mov	r0, r11
 8002498:      	bl	0x8001d8c <port_char>   @ imm = #-0x710
 800249c:      	ldrb	r0, [r6, #0x1]
 800249e:      	cmp	r5, #0x2
 80024a0:      	mov	r1, r5
 80024a2:      	bne	0x8002490 <service_port+0x674> @ imm = #-0x16
 80024a4:      	ldr	r4, [sp]
 80024a6:      	add.w	r9, r9, #0x1a
 80024aa:      	adds	r4, #0x1
 80024ac:      	cmp	r4, #0x9
 80024ae:      	bne	0x800243c <service_port+0x620> @ imm = #-0x76
 80024b0:      	movw	r0, #0x15e4
 80024b4:      	movt	r0, #0x2000
 80024b8:      	movw	r10, #0x3fb7
 80024bc:      	movw	r4, #0x4103
 80024c0:      	add.w	r8, r0, #0xf2
 80024c4:      	mov.w	r9, #0x0
 80024c8:      	movt	r10, #0x800
 80024cc:      	movt	r4, #0x800
 80024d0:      	movs	r1, #0x0
 80024d2:      	movs	r0, #0x49
 80024d4:      	adds	r5, r1, #0x1
 80024d6:      	add.w	r6, r10, r1
 80024da:      	uxtb	r1, r0
 80024dc:      	mov	r0, r11
 80024de:      	bl	0x8001d8c <port_char>   @ imm = #-0x756
 80024e2:      	ldrb	r0, [r6, #0x1]
 80024e4:      	cmp	r5, #0x2
 80024e6:      	mov	r1, r5
 80024e8:      	bne	0x80024d4 <service_port+0x6b8> @ imm = #-0x18
 80024ea:      	mov	r0, r11
 80024ec:      	mov	r1, r9
 80024ee:      	bl	0x8003b84 <port_u32>    @ imm = #0x1692
 80024f2:      	movs	r5, #0x0
 80024f4:      	ldrsh.w	r6, [r8, r5, lsl #1]
 80024f8:      	mov	r0, r11
 80024fa:      	movs	r1, #0x2c
 80024fc:      	bl	0x8001d8c <port_char>   @ imm = #-0x774
 8002500:      	mov	r0, r11
 8002502:      	mov	r1, r6
 8002504:      	bl	0x8003be8 <port_i32>    @ imm = #0x16e0
 8002508:      	adds	r5, #0x1
 800250a:      	cmp	r5, #0xd
 800250c:      	bne	0x80024f4 <service_port+0x6d8> @ imm = #-0x1c
 800250e:      	movs	r1, #0x0
 8002510:      	movs	r0, #0xd
 8002512:      	nop
 8002514:      	adds	r5, r1, #0x1
 8002516:      	adds	r6, r4, r1
 8002518:      	uxtb	r1, r0
 800251a:      	mov	r0, r11
 800251c:      	bl	0x8001d8c <port_char>   @ imm = #-0x794
 8002520:      	ldrb	r0, [r6, #0x1]
 8002522:      	cmp	r5, #0x2
 8002524:      	mov	r1, r5
 8002526:      	bne	0x8002514 <service_port+0x6f8> @ imm = #-0x16
 8002528:      	add.w	r9, r9, #0x1
 800252c:      	cmp.w	r9, #0x9
 8002530:      	add.w	r8, r8, #0x1a
 8002534:      	bne	0x80024d0 <service_port+0x6b4> @ imm = #-0x68
 8002536:      	movw	r1, #0x41df
 800253a:      	movt	r1, #0x800
 800253e:      	mov	r0, r11
 8002540:      	bl	0x8001dd4 <port_line>   @ imm = #-0x770
 8002544:      	mov.w	r10, #0x0
 8002548:      	b	0x80028ca <service_port+0xaae> @ imm = #0x37e
 800254a:      	mov	r2, r5
 800254c:      	ldrb	r0, [r2]
 800254e:      	cmp	r0, #0x0
 8002550:      	beq.w	0x800274e <service_port+0x932> @ imm = #0x1fa
 8002554:      	cmp	r6, #0x0
 8002556:      	beq.w	0x8002734 <service_port+0x918> @ imm = #0x1da
 800255a:      	movw	r1, #0x4198
 800255e:      	add.w	r2, r12, #0x1
 8002562:      	movt	r1, #0x800
 8002566:      	ldrb	r0, [r1]
 8002568:      	cmp	r6, r0
 800256a:      	bne.w	0x8002744 <service_port+0x928> @ imm = #0x1d6
 800256e:      	ldrb	r6, [r2], #1
 8002572:      	adds	r1, #0x1
 8002574:      	cmp	r6, #0x0
 8002576:      	bne	0x8002566 <service_port+0x74a> @ imm = #-0x14
 8002578:      	b	0x800273c <service_port+0x920> @ imm = #0x1c0
 800257a:      	movw	r3, #0x40b7
 800257e:      	movt	r3, #0x800
 8002582:      	ldrb	r0, [r3]
 8002584:      	eor	r2, r2, #0x1
 8002588:      	cmp	r0, #0x0
 800258a:      	it	ne
 800258c:      	movne	r0, #0x1
 800258e:      	orrs	r0, r2
 8002590:      	bne	0x80025ae <service_port+0x792> @ imm = #0x1a
 8002592:      	ldr	r0, [sp, #0x8]
 8002594:      	bl	0x8003120 <parse_i32>   @ imm = #0xb88
 8002598:      	cmp	r0, #0x14
 800259a:      	it	ge
 800259c:      	movge	r0, #0x14
 800259e:      	movw	r1, #0x10
 80025a2:      	bic.w	r0, r0, r0, asr #31
 80025a6:      	movt	r1, #0x2000
 80025aa:      	strb	r0, [r1]
 80025ac:      	b	0x80028f8 <service_port+0xadc> @ imm = #0x348
 80025ae:      	cmp.w	r12, #0x0
 80025b2:      	beq.w	0x800286a <service_port+0xa4e> @ imm = #0x2b4
 80025b6:      	adds	r2, r1, #0x1
 80025b8:      	movw	r1, #0x427d
 80025bc:      	movt	r1, #0x800
 80025c0:      	ldrb	r0, [r1]
 80025c2:      	cmp	r12, r0
 80025c4:      	bne.w	0x8002876 <service_port+0xa5a> @ imm = #0x2ae
 80025c8:      	ldrb	r12, [r2], #1
 80025cc:      	adds	r1, #0x1
 80025ce:      	cmp.w	r12, #0x0
 80025d2:      	bne	0x80025c0 <service_port+0x7a4> @ imm = #-0x16
 80025d4:      	b	0x8002872 <service_port+0xa56> @ imm = #0x29a
 80025d6:      	movw	r5, #0x15e4
 80025da:      	movt	r5, #0x2000
 80025de:      	ldrsh.w	r2, [r5, #0x1dc]
 80025e2:      	movw	r1, #0x3fd4
 80025e6:      	movt	r1, #0x800
 80025ea:      	mov	r0, r11
 80025ec:      	bl	0x8003c0c <print_param> @ imm = #0x161c
 80025f0:      	ldrh.w	r2, [r5, #0x1de]
 80025f4:      	movw	r1, #0x420d
 80025f8:      	movt	r1, #0x800
 80025fc:      	mov	r0, r11
 80025fe:      	bl	0x8003c0c <print_param> @ imm = #0x160a
 8002602:      	ldrh.w	r2, [r5, #0x1e0]
 8002606:      	movw	r1, #0x3f9d
 800260a:      	movt	r1, #0x800
 800260e:      	mov	r0, r11
 8002610:      	bl	0x8003c0c <print_param> @ imm = #0x15f8
 8002614:      	ldrh.w	r2, [r5, #0x1e2]
 8002618:      	movw	r1, #0x415e
 800261c:      	movt	r1, #0x800
 8002620:      	mov	r0, r11
 8002622:      	bl	0x8003c0c <print_param> @ imm = #0x15e6
 8002626:      	ldrh.w	r2, [r5, #0x1e4]
 800262a:      	movw	r1, #0x41e3
 800262e:      	movt	r1, #0x800
 8002632:      	mov	r0, r11
 8002634:      	bl	0x8003c0c <print_param> @ imm = #0x15d4
 8002638:      	ldrh.w	r2, [r5, #0x1e6]
 800263c:      	movw	r1, #0x4083
 8002640:      	movt	r1, #0x800
 8002644:      	mov	r0, r11
 8002646:      	bl	0x8003c0c <print_param> @ imm = #0x15c2
 800264a:      	ldrh.w	r2, [r5, #0x1e8]
 800264e:      	movw	r1, #0x4097
 8002652:      	movt	r1, #0x800
 8002656:      	mov	r0, r11
 8002658:      	bl	0x8003c0c <print_param> @ imm = #0x15b0
 800265c:      	ldrh.w	r2, [r5, #0x1ea]
 8002660:      	movw	r1, #0x416a
 8002664:      	movt	r1, #0x800
 8002668:      	mov	r0, r11
 800266a:      	bl	0x8003c0c <print_param> @ imm = #0x159e
 800266e:      	ldrh.w	r2, [r5, #0x1ec]
 8002672:      	movw	r1, #0x40f5
 8002676:      	movt	r1, #0x800
 800267a:      	mov	r0, r11
 800267c:      	bl	0x8003c0c <print_param> @ imm = #0x158c
 8002680:      	ldrh.w	r2, [r5, #0x1ee]
 8002684:      	movw	r1, #0x41ef
 8002688:      	movt	r1, #0x800
 800268c:      	mov	r0, r11
 800268e:      	bl	0x8003c0c <print_param> @ imm = #0x157a
 8002692:      	ldrh.w	r2, [r5, #0x1f0]
 8002696:      	movw	r1, #0x41a2
 800269a:      	movt	r1, #0x800
 800269e:      	mov	r0, r11
 80026a0:      	bl	0x8003c0c <print_param> @ imm = #0x1568
 80026a4:      	ldrh.w	r2, [r5, #0x1f2]
 80026a8:      	movw	r1, #0x41b0
 80026ac:      	movt	r1, #0x800
 80026b0:      	mov	r0, r11
 80026b2:      	bl	0x8003c0c <print_param> @ imm = #0x1556
 80026b6:      	ldrsb.w	r2, [r5, #0x1f4]
 80026ba:      	movw	r1, #0x41ff
 80026be:      	movt	r1, #0x800
 80026c2:      	mov	r0, r11
 80026c4:      	bl	0x8003c0c <print_param> @ imm = #0x1544
 80026c8:      	ldrb.w	r2, [r5, #0x1f5]
 80026cc:      	movw	r1, #0x4185
 80026d0:      	movt	r1, #0x800
 80026d4:      	mov	r0, r11
 80026d6:      	bl	0x8003c0c <print_param> @ imm = #0x1532
 80026da:      	ldrb.w	r2, [r5, #0x1f6]
 80026de:      	movw	r1, #0x4302
 80026e2:      	movt	r1, #0x800
 80026e6:      	mov	r0, r11
 80026e8:      	bl	0x8003c0c <print_param> @ imm = #0x1520
 80026ec:      	ldrh.w	r2, [r5, #0x1f8]
 80026f0:      	movw	r1, #0x41bf
 80026f4:      	movt	r1, #0x800
 80026f8:      	mov	r0, r11
 80026fa:      	bl	0x8003c0c <print_param> @ imm = #0x150e
 80026fe:      	ldrh.w	r2, [r5, #0x1fa]
 8002702:      	movw	r1, #0x4116
 8002706:      	movt	r1, #0x800
 800270a:      	mov	r0, r11
 800270c:      	bl	0x8003c0c <print_param> @ imm = #0x14fc
 8002710:      	movw	r0, #0x1c
 8002714:      	movt	r0, #0x2000
 8002718:      	ldrsh.w	r2, [r0]
 800271c:      	movw	r1, #0x4216
 8002720:      	movt	r1, #0x800
 8002724:      	mov	r0, r11
 8002726:      	bl	0x8003c0c <print_param> @ imm = #0x14e2
 800272a:      	movw	r1, #0x41df
 800272e:      	movt	r1, #0x800
 8002732:      	b	0x80028c4 <service_port+0xaa8> @ imm = #0x18e
 8002734:      	movw	r1, #0x4198
 8002738:      	movt	r1, #0x800
 800273c:      	ldrb	r0, [r1]
 800273e:      	cmp	r0, #0x0
 8002740:      	beq.w	0x8002880 <service_port+0xa64> @ imm = #0x13c
 8002744:      	movw	r1, #0x4106
 8002748:      	movt	r1, #0x800
 800274c:      	b	0x80028c4 <service_port+0xaa8> @ imm = #0x174
 800274e:      	movs	r0, #0x43
 8002750:      	movs	r6, #0x1
 8002752:      	uxtb	r1, r0
 8002754:      	mov	r0, r11
 8002756:      	bl	0x8001d8c <port_char>   @ imm = #-0x9ce
 800275a:      	ldrb	r0, [r5, r6]
 800275c:      	adds	r6, #0x1
 800275e:      	cmp	r6, #0x4
 8002760:      	bne	0x8002752 <service_port+0x936> @ imm = #-0x12
 8002762:      	movw	r9, #0x15e4
 8002766:      	movt	r9, #0x2000
 800276a:      	add.w	lr, r9, #0x8
 800276e:      	mov.w	r12, #0xea
 8002772:      	movw	r4, #0xffff
 8002776:      	movw	r2, #0x1021
 800277a:      	movw	r3, #0xffff
 800277e:      	ldrb.w	r5, [lr]
 8002782:      	eor.w	r3, r3, r5, lsl #8
 8002786:      	movs	r5, #0x0
 8002788:      	sxth	r0, r3
 800278a:      	mov	r1, r3
 800278c:      	lsls	r3, r3, #0x1
 800278e:      	cmp	r0, #0x0
 8002790:      	it	mi
 8002792:      	eormi.w	r3, r2, r1, lsl #1
 8002796:      	cmp	r5, #0x7
 8002798:      	add.w	r5, r5, #0x1
 800279c:      	blo	0x8002788 <service_port+0x96c> @ imm = #-0x18
 800279e:      	subs.w	r12, r12, #0x1
 80027a2:      	add.w	lr, lr, #0x1
 80027a6:      	bne	0x800277e <service_port+0x962> @ imm = #-0x2c
 80027a8:      	mov	r0, r11
 80027aa:      	movs	r1, #0x2c
 80027ac:      	uxth	r5, r3
 80027ae:      	bl	0x8001d8c <port_char>   @ imm = #-0xa26
 80027b2:      	mov	r0, r11
 80027b4:      	mov	r1, r5
 80027b6:      	bl	0x8003b84 <port_u32>    @ imm = #0x13ca
 80027ba:      	add.w	lr, r9, #0xf2
 80027be:      	mov.w	r12, #0xea
 80027c2:      	movw	r2, #0x1021
 80027c6:      	movw	r3, #0xffff
 80027ca:      	ldrb.w	r5, [lr]
 80027ce:      	eor.w	r3, r3, r5, lsl #8
 80027d2:      	movs	r5, #0x0
 80027d4:      	sxth	r0, r3
 80027d6:      	mov	r1, r3
 80027d8:      	lsls	r3, r3, #0x1
 80027da:      	cmp	r0, #0x0
 80027dc:      	it	mi
 80027de:      	eormi.w	r3, r2, r1, lsl #1
 80027e2:      	cmp	r5, #0x7
 80027e4:      	add.w	r5, r5, #0x1
 80027e8:      	blo	0x80027d4 <service_port+0x9b8> @ imm = #-0x18
 80027ea:      	subs.w	r12, r12, #0x1
 80027ee:      	add.w	lr, lr, #0x1
 80027f2:      	bne	0x80027ca <service_port+0x9ae> @ imm = #-0x2c
 80027f4:      	mov	r0, r11
 80027f6:      	movs	r1, #0x2c
 80027f8:      	uxth	r5, r3
 80027fa:      	bl	0x8001d8c <port_char>   @ imm = #-0xa72
 80027fe:      	mov	r0, r11
 8002800:      	mov	r1, r5
 8002802:      	bl	0x8003b84 <port_u32>    @ imm = #0x137e
 8002806:      	add.w	r0, r9, #0x1dc
 800280a:      	movs	r1, #0x20
 800280c:      	movw	r2, #0x1021
 8002810:      	ldrb	r3, [r0]
 8002812:      	eor.w	r4, r4, r3, lsl #8
 8002816:      	movs	r3, #0x0
 8002818:      	sxth	r5, r4
 800281a:      	mov	r6, r4
 800281c:      	lsls	r4, r4, #0x1
 800281e:      	cmp	r5, #0x0
 8002820:      	it	mi
 8002822:      	eormi.w	r4, r2, r6, lsl #1
 8002826:      	cmp	r3, #0x7
 8002828:      	add.w	r3, r3, #0x1
 800282c:      	blo	0x8002818 <service_port+0x9fc> @ imm = #-0x18
 800282e:      	subs	r1, #0x1
 8002830:      	add.w	r0, r0, #0x1
 8002834:      	bne	0x8002810 <service_port+0x9f4> @ imm = #-0x28
 8002836:      	mov	r0, r11
 8002838:      	movs	r1, #0x2c
 800283a:      	uxth	r5, r4
 800283c:      	bl	0x8001d8c <port_char>   @ imm = #-0xab4
 8002840:      	mov	r0, r11
 8002842:      	mov	r1, r5
 8002844:      	bl	0x8003b84 <port_u32>    @ imm = #0x133c
 8002848:      	movw	r5, #0x4103
 800284c:      	movs	r1, #0x0
 800284e:      	movs	r0, #0xd
 8002850:      	movt	r5, #0x800
 8002854:      	adds	r4, r1, #0x1
 8002856:      	adds	r6, r5, r1
 8002858:      	uxtb	r1, r0
 800285a:      	mov	r0, r11
 800285c:      	bl	0x8001d8c <port_char>   @ imm = #-0xad4
 8002860:      	ldrb	r0, [r6, #0x1]
 8002862:      	cmp	r4, #0x2
 8002864:      	mov	r1, r4
 8002866:      	bne	0x8002854 <service_port+0xa38> @ imm = #-0x16
 8002868:      	b	0x80028ca <service_port+0xaae> @ imm = #0x5e
 800286a:      	movw	r1, #0x427d
 800286e:      	movt	r1, #0x800
 8002872:      	ldrb	r0, [r1]
 8002874:      	cbz	r0, 0x80028d6 <service_port+0xaba> @ imm = #0x5e
 8002876:      	movw	r1, #0x4240
 800287a:      	movt	r1, #0x800
 800287e:      	b	0x80028c4 <service_port+0xaa8> @ imm = #0x42
 8002880:      	movw	r1, #0x3ff1
 8002884:      	movt	r1, #0x800
 8002888:      	b	0x80028c4 <service_port+0xaa8> @ imm = #0x38
 800288a:      	movw	r0, #0x4159
 800288e:      	movt	r0, #0x800
 8002892:      	ldrb	r0, [r0]
 8002894:      	cbz	r0, 0x8002902 <service_port+0xae6> @ imm = #0x6a
 8002896:      	movw	r0, #0xc08
 800289a:      	movt	r0, #0x4001
 800289e:      	ldr	r0, [r0]
 80028a0:      	lsls	r0, r0, #0x12
 80028a2:      	bmi	0x80028bc <service_port+0xaa0> @ imm = #0x16
 80028a4:      	movw	r0, #0x15d8
 80028a8:      	movt	r0, #0x2000
 80028ac:      	ldrh	r0, [r0]
 80028ae:      	cbnz	r0, 0x80028bc <service_port+0xaa0> @ imm = #0xa
 80028b0:      	movw	r0, #0x15d0
 80028b4:      	movt	r0, #0x2000
 80028b8:      	ldrb	r0, [r0]
 80028ba:      	cbz	r0, 0x8002912 <service_port+0xaf6> @ imm = #0x54
 80028bc:      	movw	r1, #0x40e4
 80028c0:      	movt	r1, #0x800
 80028c4:      	mov	r0, r11
 80028c6:      	bl	0x8001dd4 <port_line>   @ imm = #-0xaf6
 80028ca:      	strh.w	r10, [r11, #0xc]
 80028ce:      	add	sp, #0x1c
 80028d0:      	pop.w	{r8, r9, r10, r11}
 80028d4:      	pop	{r4, r5, r6, r7, pc}
 80028d6:      	movw	r1, #0x180c
 80028da:      	mrs	r0, primask
 80028de:      	cpsid i
 80028e0:      	movt	r1, #0x2000
 80028e4:      	ldrh	r2, [r1]
 80028e6:      	movs	r2, #0x0
 80028e8:      	strh	r2, [r1]
 80028ea:      	msr	primask, r0
 80028ee:      	movw	r0, #0x181a
 80028f2:      	movt	r0, #0x2000
 80028f6:      	strh	r2, [r0]
 80028f8:      	movw	r1, #0x40c3
 80028fc:      	movt	r1, #0x800
 8002900:      	b	0x80028c4 <service_port+0xaa8> @ imm = #-0x40
 8002902:      	movs	r0, #0x1
 8002904:      	bl	0x8002aa4 <stop_actuator_test> @ imm = #0x19c
 8002908:      	movw	r1, #0x4270
 800290c:      	movt	r1, #0x800
 8002910:      	b	0x80028c4 <service_port+0xaa8> @ imm = #-0x50
 8002912:      	mov	r0, r5
 8002914:      	bl	0x80038c0 <start_actuator_test> @ imm = #0xfa8
 8002918:      	cmp	r0, #0x0
 800291a:      	beq	0x8002a0c <service_port+0xbf0> @ imm = #0xee
 800291c:      	movw	r8, #0x4063
 8002920:      	movs	r1, #0x0
 8002922:      	movs	r0, #0x4f
 8002924:      	movt	r8, #0x800
 8002928:      	adds	r4, r1, #0x1
 800292a:      	add.w	r6, r8, r1
 800292e:      	uxtb	r1, r0
 8002930:      	mov	r0, r11
 8002932:      	bl	0x8001d8c <port_char>   @ imm = #-0xbaa
 8002936:      	ldrb	r0, [r6, #0x1]
 8002938:      	cmp	r4, #0x8
 800293a:      	mov	r1, r4
 800293c:      	bne	0x8002928 <service_port+0xb0c> @ imm = #-0x18
 800293e:      	mov	r0, r11
 8002940:      	mov	r1, r5
 8002942:      	b	0x80028c6 <service_port+0xaaa> @ imm = #-0x80
 8002944:      	movw	r1, #0x3f85
 8002948:      	movt	r1, #0x800
 800294c:      	b	0x80028c4 <service_port+0xaa8> @ imm = #-0x8c
 800294e:      	movw	r0, #0x419d
 8002952:      	movt	r0, #0x800
 8002956:      	ldrb	r0, [r0]
 8002958:      	cbz	r0, 0x80029ac <service_port+0xb90> @ imm = #0x50
 800295a:      	cbz	r5, 0x800297a <service_port+0xb5e> @ imm = #0x1c
 800295c:      	movw	r0, #0x426c
 8002960:      	adds	r1, r6, #0x1
 8002962:      	movt	r0, #0x800
 8002966:      	mov	r2, r5
 8002968:      	ldrb	r4, [r0]
 800296a:      	cmp	r2, r4
 800296c:      	bne	0x8002986 <service_port+0xb6a> @ imm = #0x16
 800296e:      	ldrb	r2, [r1], #1
 8002972:      	adds	r0, #0x1
 8002974:      	cmp	r2, #0x0
 8002976:      	bne	0x8002968 <service_port+0xb4c> @ imm = #-0x12
 8002978:      	b	0x8002982 <service_port+0xb66> @ imm = #0x6
 800297a:      	movw	r0, #0x426c
 800297e:      	movt	r0, #0x800
 8002982:      	ldrb	r0, [r0]
 8002984:      	cbz	r0, 0x80029ac <service_port+0xb90> @ imm = #0x24
 8002986:      	cmp	r3, #0x4
 8002988:      	blo	0x8002a02 <service_port+0xbe6> @ imm = #0x76
 800298a:      	ldr	r0, [sp, #0x8]
 800298c:      	ldrb	r2, [r0]
 800298e:      	cbz	r2, 0x80029f6 <service_port+0xbda> @ imm = #0x64
 8002990:      	adds	r1, r0, #0x1
 8002992:      	movw	r0, #0x41d9
 8002996:      	movt	r0, #0x800
 800299a:      	ldrb	r3, [r0]
 800299c:      	cmp	r2, r3
 800299e:      	bne	0x8002a02 <service_port+0xbe6> @ imm = #0x60
 80029a0:      	ldrb	r2, [r1], #1
 80029a4:      	adds	r0, #0x1
 80029a6:      	cmp	r2, #0x0
 80029a8:      	bne	0x800299a <service_port+0xb7e> @ imm = #-0x12
 80029aa:      	b	0x80029fe <service_port+0xbe2> @ imm = #0x50
 80029ac:      	ldr	r0, [sp, #0xc]
 80029ae:      	bl	0x8003120 <parse_i32>   @ imm = #0x76e
 80029b2:      	ldr	r1, [sp, #0x10]
 80029b4:      	mov	r9, r0
 80029b6:      	mov	r0, r1
 80029b8:      	bl	0x8003120 <parse_i32>   @ imm = #0x764
 80029bc:      	ldr	r1, [sp, #0x14]
 80029be:      	mov	r10, r0
 80029c0:      	mov	r0, r1
 80029c2:      	bl	0x8003120 <parse_i32>   @ imm = #0x75a
 80029c6:      	cmp.w	r9, #0x8
 80029ca:      	bhi	0x8002a16 <service_port+0xbfa> @ imm = #0x48
 80029cc:      	cmp.w	r10, #0x0
 80029d0:      	bmi	0x8002a16 <service_port+0xbfa> @ imm = #0x42
 80029d2:      	cmp.w	r10, #0xd
 80029d6:      	bge	0x8002a16 <service_port+0xbfa> @ imm = #0x3c
 80029d8:      	cbz	r5, 0x8002a40 <service_port+0xc24> @ imm = #0x64
 80029da:      	movw	r1, #0x419d
 80029de:      	adds	r2, r6, #0x1
 80029e0:      	movt	r1, #0x800
 80029e4:      	ldrb	r3, [r1]
 80029e6:      	cmp	r5, r3
 80029e8:      	bne	0x8002a4c <service_port+0xc30> @ imm = #0x60
 80029ea:      	ldrb	r5, [r2], #1
 80029ee:      	adds	r1, #0x1
 80029f0:      	cmp	r5, #0x0
 80029f2:      	bne	0x80029e4 <service_port+0xbc8> @ imm = #-0x12
 80029f4:      	b	0x8002a48 <service_port+0xc2c> @ imm = #0x50
 80029f6:      	movw	r0, #0x41d9
 80029fa:      	movt	r0, #0x800
 80029fe:      	ldrb	r0, [r0]
 8002a00:      	cbz	r0, 0x8002a20 <service_port+0xc04> @ imm = #0x1c
 8002a02:      	movw	r1, #0x40ab
 8002a06:      	movt	r1, #0x800
 8002a0a:      	b	0x80028c4 <service_port+0xaa8> @ imm = #-0x14a
 8002a0c:      	movw	r1, #0x42f5
 8002a10:      	movt	r1, #0x800
 8002a14:      	b	0x80028c4 <service_port+0xaa8> @ imm = #-0x154
 8002a16:      	movw	r1, #0x3f7b
 8002a1a:      	movt	r1, #0x800
 8002a1e:      	b	0x800253e <service_port+0x722> @ imm = #-0x4e4
 8002a20:      	ldrd	r5, r0, [sp, #12]
 8002a24:      	bl	0x8003120 <parse_i32>   @ imm = #0x6f8
 8002a28:      	mov	r1, r0
 8002a2a:      	mov	r0, r5
 8002a2c:      	bl	0x8003164 <set_parameter> @ imm = #0x734
 8002a30:      	cmp	r0, #0x0
 8002a32:      	bne.w	0x80028f8 <service_port+0xadc> @ imm = #-0x13e
 8002a36:      	movw	r1, #0x429e
 8002a3a:      	movt	r1, #0x800
 8002a3e:      	b	0x80028c4 <service_port+0xaa8> @ imm = #-0x17e
 8002a40:      	movw	r1, #0x419d
 8002a44:      	movt	r1, #0x800
 8002a48:      	ldrb	r1, [r1]
 8002a4a:      	cbz	r1, 0x8002a72 <service_port+0xc56> @ imm = #0x24
 8002a4c:      	movw	r1, #0x15e4
 8002a50:      	movt	r1, #0x2000
 8002a54:      	movs	r2, #0x1a
 8002a56:      	mla	r1, r9, r2, r1
 8002a5a:      	cmp.w	r0, #0x12c
 8002a5e:      	it	ge
 8002a60:      	movge.w	r0, #0x12c
 8002a64:      	bic.w	r0, r0, r0, asr #31
 8002a68:      	add.w	r1, r1, r10, lsl #1
 8002a6c:      	strh.w	r0, [r1, #0xf2]
 8002a70:      	b	0x8002a9a <service_port+0xc7e> @ imm = #0x26
 8002a72:      	movw	r1, #0x2710
 8002a76:      	cmp	r0, r1
 8002a78:      	it	lt
 8002a7a:      	movlt	r1, r0
 8002a7c:      	movw	r0, #0x15e4
 8002a80:      	movt	r0, #0x2000
 8002a84:      	movs	r2, #0x1a
 8002a86:      	mla	r0, r9, r2, r0
 8002a8a:      	cmp.w	r1, #0x1f4
 8002a8e:      	add.w	r0, r0, r10, lsl #1
 8002a92:      	it	le
 8002a94:      	movle.w	r1, #0x1f4
 8002a98:      	strh	r1, [r0, #0x8]
 8002a9a:      	movw	r1, #0x40c3
 8002a9e:      	movt	r1, #0x800
 8002aa2:      	b	0x800253e <service_port+0x722> @ imm = #-0x568

08002aa4 <stop_actuator_test>:
 8002aa4:      	push	{r4, r5, r7, lr}
 8002aa6:      	add	r7, sp, #0x8
 8002aa8:      	movw	r2, #0x15e1
 8002aac:      	movt	r2, #0x2000
 8002ab0:      	movs	r1, #0x0
 8002ab2:      	movw	r3, #0x17f4
 8002ab6:      	ldrb	r5, [r2]
 8002ab8:      	strb	r1, [r2]
 8002aba:      	movt	r3, #0x2000
 8002abe:      	mrs	r2, primask
 8002ac2:      	cpsid i
 8002ac4:      	strb	r1, [r3]
 8002ac6:      	movs	r3, #0xc
 8002ac8:      	movt	r3, #0x4000
 8002acc:      	ldr	r4, [r3]
 8002ace:      	bic	r4, r4, #0x2
 8002ad2:      	str	r4, [r3]
 8002ad4:      	movw	r3, #0xc10
 8002ad8:      	movt	r3, #0x4001
 8002adc:      	mov.w	r4, #0x10000
 8002ae0:      	str	r4, [r3]
 8002ae2:      	mov.w	r4, #0x20000
 8002ae6:      	str	r4, [r3]
 8002ae8:      	mov.w	r4, #0x4000000
 8002aec:      	str	r4, [r3]
 8002aee:      	msr	primask, r2
 8002af2:      	mov.w	r2, #0x8000000
 8002af6:      	str	r2, [r3]
 8002af8:      	mov.w	r2, #0x80000000
 8002afc:      	str	r2, [r3]
 8002afe:      	movw	r2, #0x1815
 8002b02:      	movt	r2, #0x2000
 8002b06:      	strb	r1, [r2]
 8002b08:      	mov.w	r2, #0x400000
 8002b0c:      	str	r2, [r3]
 8002b0e:      	mov.w	r2, #0x800000
 8002b12:      	str	r2, [r3]
 8002b14:      	mov.w	r2, #0x1000000
 8002b18:      	mov.w	r4, #0x2000000
 8002b1c:      	str	r2, [r3]
 8002b1e:      	str	r4, [r3]
 8002b20:      	movw	r4, #0xfc00
 8002b24:      	movt	r4, #0xffff
 8002b28:      	str	r2, [r3, r4]
 8002b2a:      	movw	r2, #0x1820
 8002b2e:      	movt	r2, #0x2000
 8002b32:      	strh	r1, [r2]
 8002b34:      	cbz	r0, 0x8002b58 <stop_actuator_test+0xb4> @ imm = #0x20
 8002b36:      	cbz	r5, 0x8002b58 <stop_actuator_test+0xb4> @ imm = #0x1e
 8002b38:      	movw	r0, #0x24
 8002b3c:      	movt	r0, #0x2000
 8002b40:      	mov	r1, r5
 8002b42:      	bl	0x8003eac <print_test_event> @ imm = #0x1366
 8002b46:      	movw	r0, #0xaf4
 8002b4a:      	movt	r0, #0x2000
 8002b4e:      	mov	r1, r5
 8002b50:      	pop.w	{r4, r5, r7, lr}
 8002b54:      	b.w	0x8003eac <print_test_event> @ imm = #0x1354
 8002b58:      	pop	{r4, r5, r7, pc}
 8002b5a:      	bmi	0x8002b06 <stop_actuator_test+0x62> @ imm = #-0x58

08002b5c <print_status>:
 8002b5c:      	push	{r4, r5, r6, r7, lr}
 8002b5e:      	add	r7, sp, #0xc
 8002b60:      	push.w	{r8, r9, r10, r11}
 8002b64:      	sub	sp, #0x4
 8002b66:      	movw	r10, #0xc08
 8002b6a:      	movs	r1, #0x54
 8002b6c:      	mov	r9, r0
 8002b6e:      	movt	r10, #0x4001
 8002b72:      	bl	0x8001d8c <port_char>   @ imm = #-0xdea
 8002b76:      	movw	r8, #0x15d8
 8002b7a:      	movt	r8, #0x2000
 8002b7e:      	ldrh.w	r5, [r8]
 8002b82:      	mov	r0, r9
 8002b84:      	movs	r1, #0x2c
 8002b86:      	bl	0x8001d8c <port_char>   @ imm = #-0xdfe
 8002b8a:      	mov	r0, r9
 8002b8c:      	mov	r1, r5
 8002b8e:      	bl	0x8003b84 <port_u32>    @ imm = #0xff2
 8002b92:      	movw	r0, #0x17e8
 8002b96:      	movt	r0, #0x2000
 8002b9a:      	ldrh	r5, [r0]
 8002b9c:      	mov	r0, r9
 8002b9e:      	movs	r1, #0x2c
 8002ba0:      	bl	0x8001d8c <port_char>   @ imm = #-0xe18
 8002ba4:      	mov	r0, r9
 8002ba6:      	mov	r1, r5
 8002ba8:      	bl	0x8003b84 <port_u32>    @ imm = #0xfd8
 8002bac:      	movw	r0, #0x2
 8002bb0:      	movt	r0, #0x2000
 8002bb4:      	ldrh	r5, [r0]
 8002bb6:      	mov	r0, r9
 8002bb8:      	movs	r1, #0x2c
 8002bba:      	bl	0x8001d8c <port_char>   @ imm = #-0xe32
 8002bbe:      	mov	r0, r9
 8002bc0:      	mov	r1, r5
 8002bc2:      	bl	0x8003b84 <port_u32>    @ imm = #0xfbe
 8002bc6:      	movw	r0, #0x4
 8002bca:      	movt	r0, #0x2000
 8002bce:      	ldrsh.w	r5, [r0]
 8002bd2:      	mov	r0, r9
 8002bd4:      	movs	r1, #0x2c
 8002bd6:      	bl	0x8001d8c <port_char>   @ imm = #-0xe4e
 8002bda:      	mov	r0, r9
 8002bdc:      	mov	r1, r5
 8002bde:      	bl	0x8003be8 <port_i32>    @ imm = #0x1006
 8002be2:      	movw	r0, #0x6
 8002be6:      	movt	r0, #0x2000
 8002bea:      	ldrsh.w	r5, [r0]
 8002bee:      	mov	r0, r9
 8002bf0:      	movs	r1, #0x2c
 8002bf2:      	bl	0x8001d8c <port_char>   @ imm = #-0xe6a
 8002bf6:      	mov	r0, r9
 8002bf8:      	mov	r1, r5
 8002bfa:      	bl	0x8003be8 <port_i32>    @ imm = #0xfea
 8002bfe:      	movw	r4, #0x8
 8002c02:      	movt	r4, #0x2000
 8002c06:      	ldrh	r5, [r4]
 8002c08:      	mov	r0, r9
 8002c0a:      	movs	r1, #0x2c
 8002c0c:      	bl	0x8001d8c <port_char>   @ imm = #-0xe84
 8002c10:      	mov	r0, r9
 8002c12:      	mov	r1, r5
 8002c14:      	bl	0x8003b84 <port_u32>    @ imm = #0xf6c
 8002c18:      	movw	r0, #0xa
 8002c1c:      	movt	r0, #0x2000
 8002c20:      	ldrh	r5, [r0]
 8002c22:      	mov	r0, r9
 8002c24:      	movs	r1, #0x2c
 8002c26:      	bl	0x8001d8c <port_char>   @ imm = #-0xe9e
 8002c2a:      	mov	r0, r9
 8002c2c:      	mov	r1, r5
 8002c2e:      	bl	0x8003b84 <port_u32>    @ imm = #0xf52
 8002c32:      	movw	r0, #0x17ea
 8002c36:      	movt	r0, #0x2000
 8002c3a:      	ldrh	r5, [r0]
 8002c3c:      	mov	r0, r9
 8002c3e:      	movs	r1, #0x2c
 8002c40:      	bl	0x8001d8c <port_char>   @ imm = #-0xeb8
 8002c44:      	mov	r0, r9
 8002c46:      	mov	r1, r5
 8002c48:      	bl	0x8003b84 <port_u32>    @ imm = #0xf38
 8002c4c:      	movw	r0, #0xc
 8002c50:      	movt	r0, #0x2000
 8002c54:      	ldrsb.w	r5, [r0]
 8002c58:      	mov	r0, r9
 8002c5a:      	movs	r1, #0x2c
 8002c5c:      	bl	0x8001d8c <port_char>   @ imm = #-0xed4
 8002c60:      	mov	r0, r9
 8002c62:      	mov	r1, r5
 8002c64:      	bl	0x8003be8 <port_i32>    @ imm = #0xf80
 8002c68:      	movw	r11, #0x182a
 8002c6c:      	movt	r11, #0x2000
 8002c70:      	ldrh.w	r5, [r11]
 8002c74:      	mov	r0, r9
 8002c76:      	movs	r1, #0x2c
 8002c78:      	bl	0x8001d8c <port_char>   @ imm = #-0xef0
 8002c7c:      	mov	r0, r9
 8002c7e:      	mov	r1, r5
 8002c80:      	bl	0x8003b84 <port_u32>    @ imm = #0xf00
 8002c84:      	movw	r0, #0x1828
 8002c88:      	movt	r0, #0x2000
 8002c8c:      	ldrsh.w	r5, [r0]
 8002c90:      	mov	r0, r9
 8002c92:      	movs	r1, #0x2c
 8002c94:      	bl	0x8001d8c <port_char>   @ imm = #-0xf0c
 8002c98:      	mov	r0, r9
 8002c9a:      	mov	r1, r5
 8002c9c:      	bl	0x8003be8 <port_i32>    @ imm = #0xf48
 8002ca0:      	movw	r6, #0x15d0
 8002ca4:      	movt	r6, #0x2000
 8002ca8:      	ldrb	r5, [r6]
 8002caa:      	mov	r0, r9
 8002cac:      	movs	r1, #0x2c
 8002cae:      	bl	0x8001d8c <port_char>   @ imm = #-0xf26
 8002cb2:      	mov	r0, r9
 8002cb4:      	mov	r1, r5
 8002cb6:      	bl	0x8003b84 <port_u32>    @ imm = #0xeca
 8002cba:      	movw	r0, #0x180c
 8002cbe:      	movt	r0, #0x2000
 8002cc2:      	ldrh	r5, [r0]
 8002cc4:      	mov	r0, r9
 8002cc6:      	movs	r1, #0x2c
 8002cc8:      	bl	0x8001d8c <port_char>   @ imm = #-0xf40
 8002ccc:      	mov	r0, r9
 8002cce:      	mov	r1, r5
 8002cd0:      	bl	0x8003b84 <port_u32>    @ imm = #0xeb0
 8002cd4:      	ldr.w	r0, [r10]
 8002cd8:      	movs	r1, #0x2c
 8002cda:      	ubfx	r5, r0, #0xe, #0x1
 8002cde:      	mov	r0, r9
 8002ce0:      	bl	0x8001d8c <port_char>   @ imm = #-0xf58
 8002ce4:      	mov	r0, r9
 8002ce6:      	mov	r1, r5
 8002ce8:      	bl	0x8003b84 <port_u32>    @ imm = #0xe98
 8002cec:      	ldr.w	r0, [r10]
 8002cf0:      	lsls	r0, r0, #0x12
 8002cf2:      	bmi	0x8002cfe <print_status+0x1a2> @ imm = #0x8
 8002cf4:      	ldrh.w	r0, [r8]
 8002cf8:      	cmp	r0, #0x0
 8002cfa:      	beq.w	0x8002f78 <print_status+0x41c> @ imm = #0x27a
 8002cfe:      	movs	r5, #0x0
 8002d00:      	mov	r0, r9
 8002d02:      	movs	r1, #0x2c
 8002d04:      	bl	0x8001d8c <port_char>   @ imm = #-0xf7c
 8002d08:      	mov	r0, r9
 8002d0a:      	mov	r1, r5
 8002d0c:      	bl	0x8003b84 <port_u32>    @ imm = #0xe74
 8002d10:      	movw	r0, #0x181a
 8002d14:      	movt	r0, #0x2000
 8002d18:      	ldrh	r5, [r0]
 8002d1a:      	mov	r0, r9
 8002d1c:      	movs	r1, #0x2c
 8002d1e:      	bl	0x8001d8c <port_char>   @ imm = #-0xf96
 8002d22:      	mov	r0, r9
 8002d24:      	mov	r1, r5
 8002d26:      	bl	0x8003b84 <port_u32>    @ imm = #0xe5a
 8002d2a:      	movw	r0, #0x1830
 8002d2e:      	movt	r0, #0x2000
 8002d32:      	ldrsh.w	r5, [r0]
 8002d36:      	mov	r0, r9
 8002d38:      	movs	r1, #0x2c
 8002d3a:      	bl	0x8001d8c <port_char>   @ imm = #-0xfb2
 8002d3e:      	mov	r0, r9
 8002d40:      	mov	r1, r5
 8002d42:      	bl	0x8003be8 <port_i32>    @ imm = #0xea2
 8002d46:      	movw	r0, #0x1832
 8002d4a:      	movt	r0, #0x2000
 8002d4e:      	ldrsh.w	r5, [r0]
 8002d52:      	mov	r0, r9
 8002d54:      	movs	r1, #0x2c
 8002d56:      	bl	0x8001d8c <port_char>   @ imm = #-0xfce
 8002d5a:      	mov	r0, r9
 8002d5c:      	mov	r1, r5
 8002d5e:      	bl	0x8003be8 <port_i32>    @ imm = #0xe86
 8002d62:      	movw	r0, #0x1815
 8002d66:      	movt	r0, #0x2000
 8002d6a:      	ldrb	r5, [r0]
 8002d6c:      	mov	r0, r9
 8002d6e:      	movs	r1, #0x2c
 8002d70:      	bl	0x8001d8c <port_char>   @ imm = #-0xfe8
 8002d74:      	mov	r0, r9
 8002d76:      	mov	r1, r5
 8002d78:      	bl	0x8003b84 <port_u32>    @ imm = #0xe08
 8002d7c:      	ldrh.w	r5, [r8]
 8002d80:      	cbz	r5, 0x8002db2 <print_status+0x256> @ imm = #0x2e
 8002d82:      	ldrh	r0, [r4]
 8002d84:      	ldrh.w	r6, [r11]
 8002d88:      	bl	0x8003d0c <injector_deadtime> @ imm = #0xf80
 8002d8c:      	cmp	r6, r0
 8002d8e:      	bls	0x8002db2 <print_status+0x256> @ imm = #0x20
 8002d90:      	movw	r1, #0xc380
 8002d94:      	movt	r1, #0x1c9
 8002d98:      	udiv	r1, r1, r5
 8002d9c:      	subs	r0, r6, r0
 8002d9e:      	mov.w	r5, #0x3e8
 8002da2:      	muls	r0, r5, r0
 8002da4:      	udiv	r0, r0, r1
 8002da8:      	cmp.w	r0, #0x3e8
 8002dac:      	it	lt
 8002dae:      	movlt	r5, r0
 8002db0:      	b	0x8002db4 <print_status+0x258> @ imm = #0x0
 8002db2:      	movs	r5, #0x0
 8002db4:      	mov	r0, r9
 8002db6:      	movs	r1, #0x2c
 8002db8:      	bl	0x8001d8c <port_char>   @ imm = #-0x1030
 8002dbc:      	mov	r0, r9
 8002dbe:      	mov	r1, r5
 8002dc0:      	bl	0x8003b84 <port_u32>    @ imm = #0xdc0
 8002dc4:      	mov	r0, r9
 8002dc6:      	movs	r1, #0x2c
 8002dc8:      	bl	0x8001d8c <port_char>   @ imm = #-0x1040
 8002dcc:      	mov	r0, r9
 8002dce:      	movs	r1, #0x0
 8002dd0:      	movs	r4, #0x0
 8002dd2:      	bl	0x8003b84 <port_u32>    @ imm = #0xdae
 8002dd6:      	movw	r0, #0x15e1
 8002dda:      	movt	r0, #0x2000
 8002dde:      	ldrb	r5, [r0]
 8002de0:      	mov	r0, r9
 8002de2:      	movs	r1, #0x2c
 8002de4:      	bl	0x8001d8c <port_char>   @ imm = #-0x105c
 8002de8:      	mov	r0, r9
 8002dea:      	mov	r1, r5
 8002dec:      	bl	0x8003b84 <port_u32>    @ imm = #0xd94
 8002df0:      	ldr.w	r0, [r10]
 8002df4:      	movs	r1, #0x1
 8002df6:      	bic.w	r5, r1, r0, lsr #12
 8002dfa:      	mov	r0, r9
 8002dfc:      	movs	r1, #0x2c
 8002dfe:      	bl	0x8001d8c <port_char>   @ imm = #-0x1076
 8002e02:      	mov	r0, r9
 8002e04:      	mov	r1, r5
 8002e06:      	bl	0x8003b84 <port_u32>    @ imm = #0xd7a
 8002e0a:      	movw	r0, #0x20
 8002e0e:      	movt	r0, #0x2000
 8002e12:      	ldr	r5, [r0]
 8002e14:      	mov	r0, r9
 8002e16:      	movs	r1, #0x2c
 8002e18:      	bl	0x8001d8c <port_char>   @ imm = #-0x1090
 8002e1c:      	mov	r0, r9
 8002e1e:      	mov	r1, r5
 8002e20:      	bl	0x8003b84 <port_u32>    @ imm = #0xd60
 8002e24:      	movw	r0, #0x17e6
 8002e28:      	movt	r0, #0x2000
 8002e2c:      	ldrh	r5, [r0]
 8002e2e:      	mov	r0, r9
 8002e30:      	movs	r1, #0x2c
 8002e32:      	bl	0x8001d8c <port_char>   @ imm = #-0x10aa
 8002e36:      	mov	r0, r9
 8002e38:      	mov	r1, r5
 8002e3a:      	bl	0x8003b84 <port_u32>    @ imm = #0xd46
 8002e3e:      	movw	r0, #0xe
 8002e42:      	movt	r0, #0x2000
 8002e46:      	ldrh	r5, [r0]
 8002e48:      	mov	r0, r9
 8002e4a:      	movs	r1, #0x2c
 8002e4c:      	bl	0x8001d8c <port_char>   @ imm = #-0x10c4
 8002e50:      	mov	r0, r9
 8002e52:      	mov	r1, r5
 8002e54:      	bl	0x8003b84 <port_u32>    @ imm = #0xd2c
 8002e58:      	movw	r0, #0x16
 8002e5c:      	movt	r0, #0x2000
 8002e60:      	ldrh	r5, [r0]
 8002e62:      	mov	r0, r9
 8002e64:      	movs	r1, #0x2c
 8002e66:      	bl	0x8001d8c <port_char>   @ imm = #-0x10de
 8002e6a:      	mov	r0, r9
 8002e6c:      	mov	r1, r5
 8002e6e:      	bl	0x8003b84 <port_u32>    @ imm = #0xd12
 8002e72:      	movw	r0, #0x1a
 8002e76:      	movt	r0, #0x2000
 8002e7a:      	ldrh	r5, [r0]
 8002e7c:      	mov	r0, r9
 8002e7e:      	movs	r1, #0x2c
 8002e80:      	bl	0x8001d8c <port_char>   @ imm = #-0x10f8
 8002e84:      	mov	r0, r9
 8002e86:      	mov	r1, r5
 8002e88:      	bl	0x8003b84 <port_u32>    @ imm = #0xcf8
 8002e8c:      	movw	r0, #0x15d4
 8002e90:      	movt	r0, #0x2000
 8002e94:      	ldr	r0, [r0]
 8002e96:      	movs	r1, #0x2c
 8002e98:      	adds	r0, #0x4
 8002e9a:      	lsrs	r5, r0, #0x3
 8002e9c:      	mov	r0, r9
 8002e9e:      	bl	0x8001d8c <port_char>   @ imm = #-0x1116
 8002ea2:      	mov	r0, r9
 8002ea4:      	mov	r1, r5
 8002ea6:      	bl	0x8003b84 <port_u32>    @ imm = #0xcda
 8002eaa:      	movw	r0, #0x0
 8002eae:      	movt	r0, #0x2000
 8002eb2:      	ldrb	r5, [r0]
 8002eb4:      	mov	r0, r9
 8002eb6:      	movs	r1, #0x2c
 8002eb8:      	bl	0x8001d8c <port_char>   @ imm = #-0x1130
 8002ebc:      	mov	r0, r9
 8002ebe:      	mov	r1, r5
 8002ec0:      	bl	0x8003b84 <port_u32>    @ imm = #0xcc0
 8002ec4:      	movw	r0, #0x180f
 8002ec8:      	movt	r0, #0x2000
 8002ecc:      	ldrb	r5, [r0]
 8002ece:      	mov	r0, r9
 8002ed0:      	movs	r1, #0x2c
 8002ed2:      	bl	0x8001d8c <port_char>   @ imm = #-0x114a
 8002ed6:      	mov	r0, r9
 8002ed8:      	mov	r1, r5
 8002eda:      	bl	0x8003b84 <port_u32>    @ imm = #0xca6
 8002ede:      	movw	r0, #0x1811
 8002ee2:      	movt	r0, #0x2000
 8002ee6:      	ldrb	r5, [r0]
 8002ee8:      	mov	r0, r9
 8002eea:      	movs	r1, #0x2c
 8002eec:      	bl	0x8001d8c <port_char>   @ imm = #-0x1164
 8002ef0:      	mov	r0, r9
 8002ef2:      	mov	r1, r5
 8002ef4:      	bl	0x8003b84 <port_u32>    @ imm = #0xc8c
 8002ef8:      	ldr.w	r0, [r10]
 8002efc:      	ldr.w	r1, [r10]
 8002f00:      	and	r0, r0, #0x1
 8002f04:      	and	r1, r1, #0x2
 8002f08:      	add	r0, r1
 8002f0a:      	ldr.w	r1, [r10]
 8002f0e:      	movs	r2, #0x4
 8002f10:      	and.w	r1, r2, r1, lsr #8
 8002f14:      	add	r0, r1
 8002f16:      	ldr.w	r1, [r10]
 8002f1a:      	movs	r2, #0x8
 8002f1c:      	and.w	r1, r2, r1, lsr #8
 8002f20:      	add	r0, r1
 8002f22:      	ldr.w	r1, [r10]
 8002f26:      	movs	r2, #0x10
 8002f28:      	and.w	r1, r2, r1, lsr #11
 8002f2c:      	add	r0, r1
 8002f2e:      	movw	r1, #0xfc00
 8002f32:      	movt	r1, #0xffff
 8002f36:      	ldr.w	r1, [r10, r1]
 8002f3a:      	movs	r2, #0x20
 8002f3c:      	and.w	r1, r2, r1, lsr #3
 8002f40:      	adds	r5, r0, r1
 8002f42:      	mov	r0, r9
 8002f44:      	movs	r1, #0x2c
 8002f46:      	bl	0x8001d8c <port_char>   @ imm = #-0x11be
 8002f4a:      	mov	r0, r9
 8002f4c:      	mov	r1, r5
 8002f4e:      	bl	0x8003b84 <port_u32>    @ imm = #0xc32
 8002f52:      	movw	r5, #0x4103
 8002f56:      	movs	r0, #0xd
 8002f58:      	movt	r5, #0x800
 8002f5c:      	uxtb	r1, r0
 8002f5e:      	mov	r0, r9
 8002f60:      	adds	r6, r4, #0x1
 8002f62:      	add	r4, r5
 8002f64:      	bl	0x8001d8c <port_char>   @ imm = #-0x11dc
 8002f68:      	ldrb	r0, [r4, #0x1]
 8002f6a:      	cmp	r6, #0x2
 8002f6c:      	mov	r4, r6
 8002f6e:      	bne	0x8002f5c <print_status+0x400> @ imm = #-0x16
 8002f70:      	add	sp, #0x4
 8002f72:      	pop.w	{r8, r9, r10, r11}
 8002f76:      	pop	{r4, r5, r6, r7, pc}
 8002f78:      	ldrb	r0, [r6]
 8002f7a:      	clz	r0, r0
 8002f7e:      	lsrs	r5, r0, #0x5
 8002f80:      	b	0x8002d00 <print_status+0x1a4> @ imm = #-0x284
 8002f82:      	bmi	0x8002f2e <print_status+0x3d2> @ imm = #-0x58

08002f84 <load_defaults>:
 8002f84:      	movw	r12, #0x15e4
 8002f88:      	movs	r0, #0x0
 8002f8a:      	movt	r12, #0x2000
 8002f8e:      	movs	r1, #0x0
 8002f90:      	strb.w	r0, [r12, r1]
 8002f94:      	adds	r1, #0x1
 8002f96:      	cmp.w	r1, #0x200
 8002f9a:      	bne	0x8002f90 <load_defaults+0xc> @ imm = #-0xe
 8002f9c:      	movw	r0, #0x4649
 8002fa0:      	movs	r1, #0x5
 8002fa2:      	movt	r0, #0x5645
 8002fa6:      	movt	r1, #0x200
 8002faa:      	strd	r0, r1, [r12]
 8002fae:      	movw	r1, #0x430a
 8002fb2:      	movs	r0, #0x0
 8002fb4:      	movt	r1, #0x800
 8002fb8:      	add.w	r2, r12, r0
 8002fbc:      	ldrb	r3, [r1, r0]
 8002fbe:      	adds	r0, #0x1
 8002fc0:      	cmp	r0, #0xea
 8002fc2:      	strb	r3, [r2, #0x8]
 8002fc4:      	bne	0x8002fb8 <load_defaults+0x34> @ imm = #-0x10
 8002fc6:      	movw	r1, #0x43f4
 8002fca:      	movs	r0, #0x0
 8002fcc:      	movt	r1, #0x800
 8002fd0:      	add.w	r2, r12, r0
 8002fd4:      	ldrb	r3, [r1, r0]
 8002fd6:      	adds	r0, #0x1
 8002fd8:      	cmp	r0, #0xea
 8002fda:      	strb.w	r3, [r2, #0xf2]
 8002fde:      	bne	0x8002fd0 <load_defaults+0x4c> @ imm = #-0x12
 8002fe0:      	push	{r4, r5, r7, lr}
 8002fe2:      	add	r7, sp, #0x8
 8002fe4:      	mov.w	r0, #0x640
 8002fe8:      	strh.w	r0, [r12, #0x1de]
 8002fec:      	movw	r0, #0x28a
 8002ff0:      	movt	r0, #0x1a4
 8002ff4:      	movw	r1, #0xe88
 8002ff8:      	movw	r2, #0x1a90
 8002ffc:      	movs	r3, #0xb4
 8002ffe:      	movw	lr, #0x1e
 8003002:      	add.w	r4, r12, #0x1e0
 8003006:      	movt	r1, #0x3e8
 800300a:      	movt	r2, #0x1b58
 800300e:      	movt	r3, #0x5a
 8003012:      	movt	lr, #0x44c
 8003016:      	stm.w	r4, {r0, r1, r2, r3, lr}
 800301a:      	movw	r0, #0x4601
 800301e:      	strh.w	r0, [r12, #0x1f4]
 8003022:      	movs	r0, #0x0
 8003024:      	strb.w	r0, [r12, #0x1f6]
 8003028:      	movw	r0, #0x2bc
 800302c:      	movt	r0, #0x514
 8003030:      	str.w	r0, [r12, #0x1f8]
 8003034:      	movw	r1, #0xffff
 8003038:      	mov.w	lr, #0x1fc
 800303c:      	movw	r3, #0x1021
 8003040:      	mov	r0, r12
 8003042:      	nop
 8003044:      	ldrb	r2, [r0]
 8003046:      	eor.w	r1, r1, r2, lsl #8
 800304a:      	movs	r2, #0x0
 800304c:      	sxth	r5, r1
 800304e:      	mov	r4, r1
 8003050:      	lsls	r1, r1, #0x1
 8003052:      	cmp	r5, #0x0
 8003054:      	it	mi
 8003056:      	eormi.w	r1, r3, r4, lsl #1
 800305a:      	cmp	r2, #0x7
 800305c:      	add.w	r2, r2, #0x1
 8003060:      	blo	0x800304c <load_defaults+0xc8> @ imm = #-0x18
 8003062:      	subs.w	lr, lr, #0x1
 8003066:      	add.w	r0, r0, #0x1
 800306a:      	bne	0x8003044 <load_defaults+0xc0> @ imm = #-0x2a
 800306c:      	strh.w	r1, [r12, #0x1fc]
 8003070:      	pop	{r4, r5, r7, pc}
 8003072:      	bmi	0x800301e <load_defaults+0x9a> @ imm = #-0x58

08003074 <adc_read>:
 8003074:      	movw	r1, #0x2400
 8003078:      	movt	r1, #0x4001
 800307c:      	str	r0, [r1, #0x34]
 800307e:      	movs	r0, #0x0
 8003080:      	str	r0, [r1]
 8003082:      	ldr	r0, [r1, #0x8]
 8003084:      	orr	r0, r0, #0x400000
 8003088:      	str	r0, [r1, #0x8]
 800308a:      	movw	r0, #0x7960
 800308e:      	movt	r0, #0xfffe
 8003092:      	nop
 8003094:      	ldr	r2, [r1]
 8003096:      	lsls	r2, r2, #0x1e
 8003098:      	bmi	0x80030b8 <adc_read+0x44> @ imm = #0x1c
 800309a:      	adds	r0, #0x1
 800309c:      	blo	0x8003094 <adc_read+0x20> @ imm = #-0xc
 800309e:      	movw	r2, #0x180c
 80030a2:      	mrs	r0, primask
 80030a6:      	cpsid i
 80030a8:      	movt	r2, #0x2000
 80030ac:      	ldrh	r3, [r2]
 80030ae:      	orr	r3, r3, #0x8
 80030b2:      	strh	r3, [r2]
 80030b4:      	msr	primask, r0
 80030b8:      	ldr	r0, [r1, #0x4c]
 80030ba:      	uxth	r0, r0
 80030bc:      	bx	lr
 80030be:      	bmi	0x800306a <load_defaults+0xe6> @ imm = #-0x58

080030c0 <ntc_lookup>:
 80030c0:      	ldrh	r2, [r1]
 80030c2:      	cmp	r2, r0
 80030c4:      	bls	0x80030f2 <ntc_lookup+0x32> @ imm = #0x2a
 80030c6:      	ldrh.w	r2, [r1, #0x40]
 80030ca:      	cmp	r2, r0
 80030cc:      	bhs	0x80030f6 <ntc_lookup+0x36> @ imm = #0x26
 80030ce:      	push	{r7, lr}
 80030d0:      	mov	r7, sp
 80030d2:      	movs	r2, #0x0
 80030d4:      	ldrh.w	r12, [r1, r2, lsl #2]
 80030d8:      	cmp	r12, r0
 80030da:      	blo	0x80030e8 <ntc_lookup+0x28> @ imm = #0xa
 80030dc:      	add.w	lr, r1, r2, lsl #2
 80030e0:      	ldrh.w	r3, [lr, #0x4]
 80030e4:      	cmp	r3, r0
 80030e6:      	bls	0x80030fc <ntc_lookup+0x3c> @ imm = #0x12
 80030e8:      	adds	r2, #0x1
 80030ea:      	cmp	r2, #0x10
 80030ec:      	bne	0x80030d4 <ntc_lookup+0x14> @ imm = #-0x1c
 80030ee:      	movs	r0, #0xc8
 80030f0:      	b	0x8003116 <ntc_lookup+0x56> @ imm = #0x22
 80030f2:      	ldrh	r0, [r1, #0x2]
 80030f4:      	b	0x800311a <ntc_lookup+0x5a> @ imm = #0x22
 80030f6:      	ldrh.w	r0, [r1, #0x42]
 80030fa:      	b	0x800311a <ntc_lookup+0x5a> @ imm = #0x1c
 80030fc:      	sub.w	r1, r12, r3
 8003100:      	ldrsh.w	r2, [lr, #0x2]
 8003104:      	ldrsh.w	r3, [lr, #0x6]
 8003108:      	sub.w	r0, r12, r0
 800310c:      	subs	r3, r3, r2
 800310e:      	muls	r0, r3, r0
 8003110:      	sdiv	r0, r0, r1
 8003114:      	add	r0, r2
 8003116:      	pop.w	{r7, lr}
 800311a:      	sxth	r0, r0
 800311c:      	bx	lr
 800311e:      	bmi	0x80030ca <ntc_lookup+0xa> @ imm = #-0x58

08003120 <parse_i32>:
 8003120:      	ldrb.w	r12, [r0]
 8003124:      	sub.w	r2, r12, #0x2d
 8003128:      	clz	r2, r2
 800312c:      	lsrs	r3, r2, #0x5
 800312e:      	ldrb	r2, [r0, r3]
 8003130:      	sub.w	r1, r2, #0x30
 8003134:      	cmp	r1, #0x9
 8003136:      	bhi	0x8003158 <parse_i32+0x38> @ imm = #0x1e
 8003138:      	add	r0, r3
 800313a:      	adds	r3, r0, #0x1
 800313c:      	movs	r0, #0x0
 800313e:      	nop
 8003140:      	add.w	r0, r0, r0, lsl #2
 8003144:      	add.w	r0, r2, r0, lsl #1
 8003148:      	ldrb	r2, [r3], #1
 800314c:      	subs	r0, #0x30
 800314e:      	sub.w	r1, r2, #0x30
 8003152:      	cmp	r1, #0xa
 8003154:      	blo	0x8003140 <parse_i32+0x20> @ imm = #-0x18
 8003156:      	b	0x800315a <parse_i32+0x3a> @ imm = #0x0
 8003158:      	movs	r0, #0x0
 800315a:      	cmp.w	r12, #0x2d
 800315e:      	it	eq
 8003160:      	rsbeq	r0, r0, #0
 8003162:      	bx	lr

08003164 <set_parameter>:
 8003164:      	push	{r4, r6, r7, lr}
 8003166:      	add	r7, sp, #0x8
 8003168:      	ldrb.w	r12, [r0]
 800316c:      	cmp.w	r12, #0x0
 8003170:      	beq	0x8003192 <set_parameter+0x2e> @ imm = #0x1e
 8003172:      	movw	r3, #0x3fd4
 8003176:      	add.w	lr, r0, #0x1
 800317a:      	movt	r3, #0x800
 800317e:      	mov	r2, r12
 8003180:      	ldrb	r4, [r3]
 8003182:      	cmp	r2, r4
 8003184:      	bne	0x800319e <set_parameter+0x3a> @ imm = #0x16
 8003186:      	ldrb	r2, [lr], #1
 800318a:      	adds	r3, #0x1
 800318c:      	cmp	r2, #0x0
 800318e:      	bne	0x8003180 <set_parameter+0x1c> @ imm = #-0x12
 8003190:      	b	0x800319a <set_parameter+0x36> @ imm = #0x6
 8003192:      	movw	r3, #0x3fd4
 8003196:      	movt	r3, #0x800
 800319a:      	ldrb	r2, [r3]
 800319c:      	cbz	r2, 0x80031fa <set_parameter+0x96> @ imm = #0x5a
 800319e:      	cmp.w	r12, #0x0
 80031a2:      	beq	0x80031c6 <set_parameter+0x62> @ imm = #0x20
 80031a4:      	movw	r3, #0x420d
 80031a8:      	add.w	lr, r0, #0x1
 80031ac:      	movt	r3, #0x800
 80031b0:      	mov	r2, r12
 80031b2:      	nop
 80031b4:      	ldrb	r4, [r3]
 80031b6:      	cmp	r2, r4
 80031b8:      	bne	0x80031d2 <set_parameter+0x6e> @ imm = #0x16
 80031ba:      	ldrb	r2, [lr], #1
 80031be:      	adds	r3, #0x1
 80031c0:      	cmp	r2, #0x0
 80031c2:      	bne	0x80031b4 <set_parameter+0x50> @ imm = #-0x12
 80031c4:      	b	0x80031ce <set_parameter+0x6a> @ imm = #0x6
 80031c6:      	movw	r3, #0x420d
 80031ca:      	movt	r3, #0x800
 80031ce:      	ldrb	r2, [r3]
 80031d0:      	cbz	r2, 0x800324e <set_parameter+0xea> @ imm = #0x7a
 80031d2:      	cmp.w	r12, #0x0
 80031d6:      	beq	0x8003218 <set_parameter+0xb4> @ imm = #0x3e
 80031d8:      	movw	r3, #0x3f9d
 80031dc:      	add.w	lr, r0, #0x1
 80031e0:      	movt	r3, #0x800
 80031e4:      	mov	r2, r12
 80031e6:      	nop
 80031e8:      	ldrb	r4, [r3]
 80031ea:      	cmp	r2, r4
 80031ec:      	bne	0x8003226 <set_parameter+0xc2> @ imm = #0x36
 80031ee:      	ldrb	r2, [lr], #1
 80031f2:      	adds	r3, #0x1
 80031f4:      	cmp	r2, #0x0
 80031f6:      	bne	0x80031e8 <set_parameter+0x84> @ imm = #-0x12
 80031f8:      	b	0x8003220 <set_parameter+0xbc> @ imm = #0x24
 80031fa:      	movw	r0, #0x15e4
 80031fe:      	cmp	r1, #0x64
 8003200:      	it	ge
 8003202:      	movge	r1, #0x64
 8003204:      	movt	r0, #0x2000
 8003208:      	cmn.w	r1, #0x64
 800320c:      	it	le
 800320e:      	mvnle	r1, #0x63
 8003212:      	strh.w	r1, [r0, #0x1dc]
 8003216:      	b	0x8003776 <set_parameter+0x612> @ imm = #0x55c
 8003218:      	movw	r3, #0x3f9d
 800321c:      	movt	r3, #0x800
 8003220:      	ldrb	r2, [r3]
 8003222:      	cmp	r2, #0x0
 8003224:      	beq	0x80032a6 <set_parameter+0x142> @ imm = #0x7e
 8003226:      	cmp.w	r12, #0x0
 800322a:      	beq	0x8003270 <set_parameter+0x10c> @ imm = #0x42
 800322c:      	movw	r3, #0x415e
 8003230:      	add.w	lr, r0, #0x1
 8003234:      	movt	r3, #0x800
 8003238:      	mov	r2, r12
 800323a:      	nop
 800323c:      	ldrb	r4, [r3]
 800323e:      	cmp	r2, r4
 8003240:      	bne	0x800327e <set_parameter+0x11a> @ imm = #0x3a
 8003242:      	ldrb	r2, [lr], #1
 8003246:      	adds	r3, #0x1
 8003248:      	cmp	r2, #0x0
 800324a:      	bne	0x800323c <set_parameter+0xd8> @ imm = #-0x12
 800324c:      	b	0x8003278 <set_parameter+0x114> @ imm = #0x28
 800324e:      	movw	r0, #0xa28
 8003252:      	cmp	r1, r0
 8003254:      	it	lt
 8003256:      	movlt	r0, r1
 8003258:      	movw	r1, #0x15e4
 800325c:      	movt	r1, #0x2000
 8003260:      	cmp.w	r0, #0x3e8
 8003264:      	it	le
 8003266:      	movle.w	r0, #0x3e8
 800326a:      	strh.w	r0, [r1, #0x1de]
 800326e:      	b	0x8003776 <set_parameter+0x612> @ imm = #0x504
 8003270:      	movw	r3, #0x415e
 8003274:      	movt	r3, #0x800
 8003278:      	ldrb	r2, [r3]
 800327a:      	cmp	r2, #0x0
 800327c:      	beq	0x80032fa <set_parameter+0x196> @ imm = #0x7a
 800327e:      	cmp.w	r12, #0x0
 8003282:      	beq	0x80032c8 <set_parameter+0x164> @ imm = #0x42
 8003284:      	movw	r3, #0x41e3
 8003288:      	add.w	lr, r0, #0x1
 800328c:      	movt	r3, #0x800
 8003290:      	mov	r2, r12
 8003292:      	nop
 8003294:      	ldrb	r4, [r3]
 8003296:      	cmp	r2, r4
 8003298:      	bne	0x80032d4 <set_parameter+0x170> @ imm = #0x38
 800329a:      	ldrb	r2, [lr], #1
 800329e:      	adds	r3, #0x1
 80032a0:      	cmp	r2, #0x0
 80032a2:      	bne	0x8003294 <set_parameter+0x130> @ imm = #-0x12
 80032a4:      	b	0x80032d0 <set_parameter+0x16c> @ imm = #0x28
 80032a6:      	movw	r0, #0x898
 80032aa:      	cmp	r1, r0
 80032ac:      	it	lt
 80032ae:      	movlt	r0, r1
 80032b0:      	movw	r1, #0x15e4
 80032b4:      	movt	r1, #0x2000
 80032b8:      	cmp.w	r0, #0x1c2
 80032bc:      	it	le
 80032be:      	movle.w	r0, #0x1c2
 80032c2:      	strh.w	r0, [r1, #0x1e0]
 80032c6:      	b	0x8003776 <set_parameter+0x612> @ imm = #0x4ac
 80032c8:      	movw	r3, #0x41e3
 80032cc:      	movt	r3, #0x800
 80032d0:      	ldrb	r2, [r3]
 80032d2:      	cbz	r2, 0x800334a <set_parameter+0x1e6> @ imm = #0x74
 80032d4:      	cmp.w	r12, #0x0
 80032d8:      	beq	0x8003316 <set_parameter+0x1b2> @ imm = #0x3a
 80032da:      	movw	r3, #0x4083
 80032de:      	add.w	lr, r0, #0x1
 80032e2:      	movt	r3, #0x800
 80032e6:      	mov	r2, r12
 80032e8:      	ldrb	r4, [r3]
 80032ea:      	cmp	r2, r4
 80032ec:      	bne	0x8003324 <set_parameter+0x1c0> @ imm = #0x34
 80032ee:      	ldrb	r2, [lr], #1
 80032f2:      	adds	r3, #0x1
 80032f4:      	cmp	r2, #0x0
 80032f6:      	bne	0x80032e8 <set_parameter+0x184> @ imm = #-0x12
 80032f8:      	b	0x800331e <set_parameter+0x1ba> @ imm = #0x22
 80032fa:      	movw	r0, #0xdac
 80032fe:      	cmp	r1, r0
 8003300:      	it	lt
 8003302:      	movlt	r0, r1
 8003304:      	movw	r1, #0x15e4
 8003308:      	bic.w	r0, r0, r0, asr #31
 800330c:      	movt	r1, #0x2000
 8003310:      	strh.w	r0, [r1, #0x1e2]
 8003314:      	b	0x8003776 <set_parameter+0x612> @ imm = #0x45e
 8003316:      	movw	r3, #0x4083
 800331a:      	movt	r3, #0x800
 800331e:      	ldrb	r2, [r3]
 8003320:      	cmp	r2, #0x0
 8003322:      	beq	0x80033a2 <set_parameter+0x23e> @ imm = #0x7c
 8003324:      	cmp.w	r12, #0x0
 8003328:      	beq	0x800336c <set_parameter+0x208> @ imm = #0x40
 800332a:      	movw	r3, #0x4097
 800332e:      	add.w	lr, r0, #0x1
 8003332:      	movt	r3, #0x800
 8003336:      	mov	r2, r12
 8003338:      	ldrb	r4, [r3]
 800333a:      	cmp	r2, r4
 800333c:      	bne	0x800337a <set_parameter+0x216> @ imm = #0x3a
 800333e:      	ldrb	r2, [lr], #1
 8003342:      	adds	r3, #0x1
 8003344:      	cmp	r2, #0x0
 8003346:      	bne	0x8003338 <set_parameter+0x1d4> @ imm = #-0x12
 8003348:      	b	0x8003374 <set_parameter+0x210> @ imm = #0x28
 800334a:      	movw	r0, #0xfff
 800334e:      	cmp	r1, r0
 8003350:      	it	lt
 8003352:      	movlt	r0, r1
 8003354:      	movw	r1, #0x15e4
 8003358:      	movt	r1, #0x2000
 800335c:      	cmp.w	r0, #0x190
 8003360:      	it	le
 8003362:      	movle.w	r0, #0x190
 8003366:      	strh.w	r0, [r1, #0x1e4]
 800336a:      	b	0x8003776 <set_parameter+0x612> @ imm = #0x408
 800336c:      	movw	r3, #0x4097
 8003370:      	movt	r3, #0x800
 8003374:      	ldrb	r2, [r3]
 8003376:      	cmp	r2, #0x0
 8003378:      	beq	0x80033fa <set_parameter+0x296> @ imm = #0x7e
 800337a:      	cmp.w	r12, #0x0
 800337e:      	beq	0x80033c4 <set_parameter+0x260> @ imm = #0x42
 8003380:      	movw	r3, #0x416a
 8003384:      	add.w	lr, r0, #0x1
 8003388:      	movt	r3, #0x800
 800338c:      	mov	r2, r12
 800338e:      	nop
 8003390:      	ldrb	r4, [r3]
 8003392:      	cmp	r2, r4
 8003394:      	bne	0x80033d2 <set_parameter+0x26e> @ imm = #0x3a
 8003396:      	ldrb	r2, [lr], #1
 800339a:      	adds	r3, #0x1
 800339c:      	cmp	r2, #0x0
 800339e:      	bne	0x8003390 <set_parameter+0x22c> @ imm = #-0x12
 80033a0:      	b	0x80033cc <set_parameter+0x268> @ imm = #0x28
 80033a2:      	movw	r0, #0x514
 80033a6:      	cmp	r1, r0
 80033a8:      	it	lt
 80033aa:      	movlt	r0, r1
 80033ac:      	movw	r1, #0x15e4
 80033b0:      	movt	r1, #0x2000
 80033b4:      	cmp.w	r0, #0x2bc
 80033b8:      	it	le
 80033ba:      	movle.w	r0, #0x2bc
 80033be:      	strh.w	r0, [r1, #0x1e6]
 80033c2:      	b	0x8003776 <set_parameter+0x612> @ imm = #0x3b0
 80033c4:      	movw	r3, #0x416a
 80033c8:      	movt	r3, #0x800
 80033cc:      	ldrb	r2, [r3]
 80033ce:      	cmp	r2, #0x0
 80033d0:      	beq	0x8003462 <set_parameter+0x2fe> @ imm = #0x8e
 80033d2:      	cmp.w	r12, #0x0
 80033d6:      	beq	0x800342e <set_parameter+0x2ca> @ imm = #0x54
 80033d8:      	movw	r3, #0x40f5
 80033dc:      	add.w	lr, r0, #0x1
 80033e0:      	movt	r3, #0x800
 80033e4:      	mov	r2, r12
 80033e6:      	nop
 80033e8:      	ldrb	r4, [r3]
 80033ea:      	cmp	r2, r4
 80033ec:      	bne	0x800343c <set_parameter+0x2d8> @ imm = #0x4c
 80033ee:      	ldrb	r2, [lr], #1
 80033f2:      	adds	r3, #0x1
 80033f4:      	cmp	r2, #0x0
 80033f6:      	bne	0x80033e8 <set_parameter+0x284> @ imm = #-0x12
 80033f8:      	b	0x8003436 <set_parameter+0x2d2> @ imm = #0x3a
 80033fa:      	movw	r2, #0x2134
 80033fe:      	cmp	r1, r2
 8003400:      	it	lt
 8003402:      	movlt	r2, r1
 8003404:      	movw	r0, #0x157c
 8003408:      	cmp	r2, r0
 800340a:      	it	le
 800340c:      	movle	r2, r0
 800340e:      	movw	r0, #0x15e4
 8003412:      	movt	r0, #0x2000
 8003416:      	ldrh.w	r3, [r0, #0x1ea]
 800341a:      	add.w	r1, r2, #0x64
 800341e:      	cmp	r1, r3
 8003420:      	strh.w	r2, [r0, #0x1e8]
 8003424:      	bls.w	0x8003776 <set_parameter+0x612> @ imm = #0x34e
 8003428:      	strh.w	r1, [r0, #0x1ea]
 800342c:      	b	0x8003776 <set_parameter+0x612> @ imm = #0x346
 800342e:      	movw	r3, #0x40f5
 8003432:      	movt	r3, #0x800
 8003436:      	ldrb	r2, [r3]
 8003438:      	cmp	r2, #0x0
 800343a:      	beq	0x80034ca <set_parameter+0x366> @ imm = #0x8c
 800343c:      	cmp.w	r12, #0x0
 8003440:      	beq	0x8003494 <set_parameter+0x330> @ imm = #0x50
 8003442:      	movw	r3, #0x41ef
 8003446:      	add.w	lr, r0, #0x1
 800344a:      	movt	r3, #0x800
 800344e:      	mov	r2, r12
 8003450:      	ldrb	r4, [r3]
 8003452:      	cmp	r2, r4
 8003454:      	bne	0x80034a2 <set_parameter+0x33e> @ imm = #0x4a
 8003456:      	ldrb	r2, [lr], #1
 800345a:      	adds	r3, #0x1
 800345c:      	cmp	r2, #0x0
 800345e:      	bne	0x8003450 <set_parameter+0x2ec> @ imm = #-0x12
 8003460:      	b	0x800349c <set_parameter+0x338> @ imm = #0x38
 8003462:      	movw	r0, #0x15e4
 8003466:      	movw	r2, #0x2328
 800346a:      	movt	r0, #0x2000
 800346e:      	cmp	r1, r2
 8003470:      	it	lt
 8003472:      	movlt	r2, r1
 8003474:      	ldrh.w	r3, [r0, #0x1e8]
 8003478:      	movw	r1, #0x1644
 800347c:      	cmp	r2, r1
 800347e:      	it	le
 8003480:      	movle	r2, r1
 8003482:      	add.w	r1, r3, #0x64
 8003486:      	cmp	r2, r1
 8003488:      	strh.w	r2, [r0, #0x1ea]
 800348c:      	it	lo
 800348e:      	strhlo.w	r1, [r0, #0x1ea]
 8003492:      	b	0x8003776 <set_parameter+0x612> @ imm = #0x2e0
 8003494:      	movw	r3, #0x41ef
 8003498:      	movt	r3, #0x800
 800349c:      	ldrb	r2, [r3]
 800349e:      	cmp	r2, #0x0
 80034a0:      	beq	0x8003536 <set_parameter+0x3d2> @ imm = #0x92
 80034a2:      	cmp.w	r12, #0x0
 80034a6:      	beq	0x8003502 <set_parameter+0x39e> @ imm = #0x58
 80034a8:      	movw	r3, #0x41a2
 80034ac:      	add.w	lr, r0, #0x1
 80034b0:      	movt	r3, #0x800
 80034b4:      	mov	r2, r12
 80034b6:      	nop
 80034b8:      	ldrb	r4, [r3]
 80034ba:      	cmp	r2, r4
 80034bc:      	bne	0x800350e <set_parameter+0x3aa> @ imm = #0x4e
 80034be:      	ldrb	r2, [lr], #1
 80034c2:      	adds	r3, #0x1
 80034c4:      	cmp	r2, #0x0
 80034c6:      	bne	0x80034b8 <set_parameter+0x354> @ imm = #-0x12
 80034c8:      	b	0x800350a <set_parameter+0x3a6> @ imm = #0x3e
 80034ca:      	movw	r0, #0x15e4
 80034ce:      	movt	r0, #0x2000
 80034d2:      	cmp.w	r1, #0x12c
 80034d6:      	it	ge
 80034d8:      	movge.w	r1, #0x12c
 80034dc:      	ldrh.w	r2, [r0, #0x1ee]
 80034e0:      	cmp	r1, #0x3c
 80034e2:      	it	le
 80034e4:      	movle	r1, #0x3c
 80034e6:      	cmp	r1, r2
 80034e8:      	strh.w	r1, [r0, #0x1ec]
 80034ec:      	it	lo
 80034ee:      	strhlo.w	r1, [r0, #0x1ee]
 80034f2:      	ldrh.w	r2, [r0, #0x1f0]
 80034f6:      	uxth	r3, r1
 80034f8:      	cmp	r2, r3
 80034fa:      	it	hi
 80034fc:      	strhhi.w	r1, [r0, #0x1f0]
 8003500:      	b	0x8003776 <set_parameter+0x612> @ imm = #0x272
 8003502:      	movw	r3, #0x41a2
 8003506:      	movt	r3, #0x800
 800350a:      	ldrb	r2, [r3]
 800350c:      	cbz	r2, 0x8003586 <set_parameter+0x422> @ imm = #0x76
 800350e:      	cmp.w	r12, #0x0
 8003512:      	beq	0x8003554 <set_parameter+0x3f0> @ imm = #0x3e
 8003514:      	movw	r3, #0x41b0
 8003518:      	add.w	lr, r0, #0x1
 800351c:      	movt	r3, #0x800
 8003520:      	mov	r2, r12
 8003522:      	nop
 8003524:      	ldrb	r4, [r3]
 8003526:      	cmp	r2, r4
 8003528:      	bne	0x8003560 <set_parameter+0x3fc> @ imm = #0x34
 800352a:      	ldrb	r2, [lr], #1
 800352e:      	adds	r3, #0x1
 8003530:      	cmp	r2, #0x0
 8003532:      	bne	0x8003524 <set_parameter+0x3c0> @ imm = #-0x12
 8003534:      	b	0x800355c <set_parameter+0x3f8> @ imm = #0x24
 8003536:      	movw	r0, #0x15e4
 800353a:      	movt	r0, #0x2000
 800353e:      	ldrh.w	r2, [r0, #0x1ec]
 8003542:      	cmp	r1, r2
 8003544:      	it	lt
 8003546:      	movlt	r2, r1
 8003548:      	cmp	r1, #0x0
 800354a:      	it	mi
 800354c:      	movmi	r2, #0x0
 800354e:      	strh.w	r2, [r0, #0x1ee]
 8003552:      	b	0x8003776 <set_parameter+0x612> @ imm = #0x220
 8003554:      	movw	r3, #0x41b0
 8003558:      	movt	r3, #0x800
 800355c:      	ldrb	r2, [r3]
 800355e:      	cbz	r2, 0x80035d6 <set_parameter+0x472> @ imm = #0x74
 8003560:      	cmp.w	r12, #0x0
 8003564:      	beq	0x80035a4 <set_parameter+0x440> @ imm = #0x3c
 8003566:      	movw	r3, #0x41ff
 800356a:      	add.w	lr, r0, #0x1
 800356e:      	movt	r3, #0x800
 8003572:      	mov	r2, r12
 8003574:      	ldrb	r4, [r3]
 8003576:      	cmp	r2, r4
 8003578:      	bne	0x80035b0 <set_parameter+0x44c> @ imm = #0x34
 800357a:      	ldrb	r2, [lr], #1
 800357e:      	adds	r3, #0x1
 8003580:      	cmp	r2, #0x0
 8003582:      	bne	0x8003574 <set_parameter+0x410> @ imm = #-0x12
 8003584:      	b	0x80035ac <set_parameter+0x448> @ imm = #0x24
 8003586:      	movw	r0, #0x15e4
 800358a:      	movt	r0, #0x2000
 800358e:      	ldrh.w	r2, [r0, #0x1ec]
 8003592:      	cmp	r1, r2
 8003594:      	it	lt
 8003596:      	movlt	r2, r1
 8003598:      	cmp	r1, #0x0
 800359a:      	it	mi
 800359c:      	movmi	r2, #0x0
 800359e:      	strh.w	r2, [r0, #0x1f0]
 80035a2:      	b	0x8003776 <set_parameter+0x612> @ imm = #0x1d0
 80035a4:      	movw	r3, #0x41ff
 80035a8:      	movt	r3, #0x800
 80035ac:      	ldrb	r2, [r3]
 80035ae:      	cbz	r2, 0x800362a <set_parameter+0x4c6> @ imm = #0x78
 80035b0:      	cmp.w	r12, #0x0
 80035b4:      	beq	0x80035f8 <set_parameter+0x494> @ imm = #0x40
 80035b6:      	movw	r3, #0x4185
 80035ba:      	add.w	lr, r0, #0x1
 80035be:      	movt	r3, #0x800
 80035c2:      	mov	r2, r12
 80035c4:      	ldrb	r4, [r3]
 80035c6:      	cmp	r2, r4
 80035c8:      	bne	0x8003604 <set_parameter+0x4a0> @ imm = #0x38
 80035ca:      	ldrb	r2, [lr], #1
 80035ce:      	adds	r3, #0x1
 80035d0:      	cmp	r2, #0x0
 80035d2:      	bne	0x80035c4 <set_parameter+0x460> @ imm = #-0x12
 80035d4:      	b	0x8003600 <set_parameter+0x49c> @ imm = #0x28
 80035d6:      	movw	r0, #0x15e4
 80035da:      	cmp.w	r1, #0x640
 80035de:      	it	ge
 80035e0:      	movge.w	r1, #0x640
 80035e4:      	movt	r0, #0x2000
 80035e8:      	cmp.w	r1, #0x320
 80035ec:      	it	le
 80035ee:      	movle.w	r1, #0x320
 80035f2:      	strh.w	r1, [r0, #0x1f2]
 80035f6:      	b	0x8003776 <set_parameter+0x612> @ imm = #0x17c
 80035f8:      	movw	r3, #0x4185
 80035fc:      	movt	r3, #0x800
 8003600:      	ldrb	r2, [r3]
 8003602:      	cbz	r2, 0x8003676 <set_parameter+0x512> @ imm = #0x70
 8003604:      	cmp.w	r12, #0x0
 8003608:      	beq	0x8003644 <set_parameter+0x4e0> @ imm = #0x38
 800360a:      	movw	r3, #0x4302
 800360e:      	add.w	lr, r0, #0x1
 8003612:      	movt	r3, #0x800
 8003616:      	mov	r2, r12
 8003618:      	ldrb	r4, [r3]
 800361a:      	cmp	r2, r4
 800361c:      	bne	0x8003650 <set_parameter+0x4ec> @ imm = #0x30
 800361e:      	ldrb	r2, [lr], #1
 8003622:      	adds	r3, #0x1
 8003624:      	cmp	r2, #0x0
 8003626:      	bne	0x8003618 <set_parameter+0x4b4> @ imm = #-0x12
 8003628:      	b	0x800364c <set_parameter+0x4e8> @ imm = #0x20
 800362a:      	cmp.w	r1, #0xffffffff
 800362e:      	movw	r1, #0x15e4
 8003632:      	mov.w	r0, #0xffffffff
 8003636:      	movt	r1, #0x2000
 800363a:      	it	gt
 800363c:      	movgt	r0, #0x1
 800363e:      	strb.w	r0, [r1, #0x1f4]
 8003642:      	b	0x8003776 <set_parameter+0x612> @ imm = #0x130
 8003644:      	movw	r3, #0x4302
 8003648:      	movt	r3, #0x800
 800364c:      	ldrb	r2, [r3]
 800364e:      	cbz	r2, 0x80036c0 <set_parameter+0x55c> @ imm = #0x6e
 8003650:      	cmp.w	r12, #0x0
 8003654:      	beq	0x800368e <set_parameter+0x52a> @ imm = #0x36
 8003656:      	movw	r3, #0x41bf
 800365a:      	add.w	lr, r0, #0x1
 800365e:      	movt	r3, #0x800
 8003662:      	mov	r2, r12
 8003664:      	ldrb	r4, [r3]
 8003666:      	cmp	r2, r4
 8003668:      	bne	0x800369a <set_parameter+0x536> @ imm = #0x2e
 800366a:      	ldrb	r2, [lr], #1
 800366e:      	adds	r3, #0x1
 8003670:      	cmp	r2, #0x0
 8003672:      	bne	0x8003664 <set_parameter+0x500> @ imm = #-0x12
 8003674:      	b	0x8003696 <set_parameter+0x532> @ imm = #0x1e
 8003676:      	cmp	r1, #0x46
 8003678:      	it	ge
 800367a:      	movge	r1, #0x46
 800367c:      	bic.w	r0, r1, r1, asr #31
 8003680:      	movw	r1, #0x15e4
 8003684:      	movt	r1, #0x2000
 8003688:      	strb.w	r0, [r1, #0x1f5]
 800368c:      	b	0x8003776 <set_parameter+0x612> @ imm = #0xe6
 800368e:      	movw	r3, #0x41bf
 8003692:      	movt	r3, #0x800
 8003696:      	ldrb	r2, [r3]
 8003698:      	cbz	r2, 0x8003704 <set_parameter+0x5a0> @ imm = #0x68
 800369a:      	cmp.w	r12, #0x0
 800369e:      	beq	0x80036d4 <set_parameter+0x570> @ imm = #0x32
 80036a0:      	movw	r3, #0x4116
 80036a4:      	add.w	lr, r0, #0x1
 80036a8:      	movt	r3, #0x800
 80036ac:      	mov	r2, r12
 80036ae:      	ldrb	r4, [r3]
 80036b0:      	cmp	r2, r4
 80036b2:      	bne	0x80036e0 <set_parameter+0x57c> @ imm = #0x2a
 80036b4:      	ldrb	r2, [lr], #1
 80036b8:      	adds	r3, #0x1
 80036ba:      	cmp	r2, #0x0
 80036bc:      	bne	0x80036ae <set_parameter+0x54a> @ imm = #-0x12
 80036be:      	b	0x80036dc <set_parameter+0x578> @ imm = #0x1a
 80036c0:      	movw	r0, #0x15e4
 80036c4:      	movt	r0, #0x2000
 80036c8:      	cmp	r1, #0x0
 80036ca:      	it	ne
 80036cc:      	movne	r1, #0x1
 80036ce:      	strb.w	r1, [r0, #0x1f6]
 80036d2:      	b	0x8003776 <set_parameter+0x612> @ imm = #0xa0
 80036d4:      	movw	r3, #0x4116
 80036d8:      	movt	r3, #0x800
 80036dc:      	ldrb	r2, [r3]
 80036de:      	cbz	r2, 0x8003736 <set_parameter+0x5d2> @ imm = #0x54
 80036e0:      	cmp.w	r12, #0x0
 80036e4:      	beq	0x8003726 <set_parameter+0x5c2> @ imm = #0x3e
 80036e6:      	adds	r2, r0, #0x1
 80036e8:      	movw	r0, #0x4216
 80036ec:      	movt	r0, #0x800
 80036f0:      	ldrb	r3, [r0]
 80036f2:      	cmp	r12, r3
 80036f4:      	bne	0x8003732 <set_parameter+0x5ce> @ imm = #0x3a
 80036f6:      	ldrb	r12, [r2], #1
 80036fa:      	adds	r0, #0x1
 80036fc:      	cmp.w	r12, #0x0
 8003700:      	bne	0x80036f0 <set_parameter+0x58c> @ imm = #-0x14
 8003702:      	b	0x800372e <set_parameter+0x5ca> @ imm = #0x28
 8003704:      	movw	r0, #0x15e4
 8003708:      	cmp.w	r1, #0x3e8
 800370c:      	it	ge
 800370e:      	movge.w	r1, #0x3e8
 8003712:      	movt	r0, #0x2000
 8003716:      	cmp.w	r1, #0x1f4
 800371a:      	it	le
 800371c:      	movle.w	r1, #0x1f4
 8003720:      	strh.w	r1, [r0, #0x1f8]
 8003724:      	b	0x8003776 <set_parameter+0x612> @ imm = #0x4e
 8003726:      	movw	r0, #0x4216
 800372a:      	movt	r0, #0x800
 800372e:      	ldrb	r0, [r0]
 8003730:      	cbz	r0, 0x8003758 <set_parameter+0x5f4> @ imm = #0x24
 8003732:      	movs	r0, #0x0
 8003734:      	pop	{r4, r6, r7, pc}
 8003736:      	movw	r0, #0x15e4
 800373a:      	cmp.w	r1, #0x7d0
 800373e:      	it	ge
 8003740:      	movge.w	r1, #0x7d0
 8003744:      	movt	r0, #0x2000
 8003748:      	cmp.w	r1, #0x3e8
 800374c:      	it	le
 800374e:      	movle.w	r1, #0x3e8
 8003752:      	strh.w	r1, [r0, #0x1fa]
 8003756:      	b	0x8003776 <set_parameter+0x612> @ imm = #0x1c
 8003758:      	cmp.w	r1, #0x12c
 800375c:      	mov	r0, r1
 800375e:      	it	ge
 8003760:      	movge.w	r0, #0x12c
 8003764:      	cmp	r1, #0x0
 8003766:      	movw	r1, #0x1c
 800376a:      	movt	r1, #0x2000
 800376e:      	it	mi
 8003770:      	movmi.w	r0, #0xffffffff
 8003774:      	strh	r0, [r1]
 8003776:      	movs	r0, #0x1
 8003778:      	pop	{r4, r6, r7, pc}
 800377a:      	bmi	0x8003726 <set_parameter+0x5c2> @ imm = #-0x58

0800377c <save_calibration>:
 800377c:      	push	{r4, r5, r7, lr}
 800377e:      	add	r7, sp, #0x8
 8003780:      	movw	lr, #0x15e4
 8003784:      	movw	r0, #0x4649
 8003788:      	movs	r1, #0x5
 800378a:      	movt	lr, #0x2000
 800378e:      	movt	r0, #0x5645
 8003792:      	movt	r1, #0x200
 8003796:      	strd	r0, r1, [lr]
 800379a:      	movw	r0, #0xffff
 800379e:      	mov.w	r12, #0x1fc
 80037a2:      	movw	r3, #0x1021
 80037a6:      	mov	r1, lr
 80037a8:      	ldrb	r4, [r1]
 80037aa:      	eor.w	r0, r0, r4, lsl #8
 80037ae:      	movs	r4, #0x0
 80037b0:      	sxth	r5, r0
 80037b2:      	mov	r2, r0
 80037b4:      	lsls	r0, r0, #0x1
 80037b6:      	cmp	r5, #0x0
 80037b8:      	it	mi
 80037ba:      	eormi.w	r0, r3, r2, lsl #1
 80037be:      	cmp	r4, #0x7
 80037c0:      	add.w	r4, r4, #0x1
 80037c4:      	blo	0x80037b0 <save_calibration+0x34> @ imm = #-0x18
 80037c6:      	subs.w	r12, r12, #0x1
 80037ca:      	add.w	r1, r1, #0x1
 80037ce:      	bne	0x80037a8 <save_calibration+0x2c> @ imm = #-0x2a
 80037d0:      	movw	r2, #0x200c
 80037d4:      	strh.w	r0, [lr, #0x1fc]
 80037d8:      	movt	r2, #0x4002
 80037dc:      	cpsid i
 80037de:      	ldr	r0, [r2, #0x4]
 80037e0:      	lsls	r0, r0, #0x18
 80037e2:      	bpl	0x80037fc <save_calibration+0x80> @ imm = #0x16
 80037e4:      	movw	r0, #0x123
 80037e8:      	movt	r0, #0x4567
 80037ec:      	str	r0, [r2, #-8]
 80037f0:      	movw	r0, #0x89ab
 80037f4:      	movt	r0, #0xcdef
 80037f8:      	str	r0, [r2, #-8]
 80037fc:      	movs	r0, #0x34
 80037fe:      	str	r0, [r2]
 8003800:      	ldr	r0, [r2, #0x4]
 8003802:      	movw	r12, #0x7c00
 8003806:      	movt	r12, #0x800
 800380a:      	orr	r0, r0, #0x2
 800380e:      	str	r0, [r2, #0x4]
 8003810:      	str.w	r12, [r2, #0x8]
 8003814:      	ldr	r0, [r2, #0x4]
 8003816:      	movw	r3, #0x3940
 800381a:      	movt	r3, #0xffd2
 800381e:      	orr	r0, r0, #0x40
 8003822:      	str	r0, [r2, #0x4]
 8003824:      	mov	r0, r3
 8003826:      	nop
 8003828:      	ldr	r1, [r2]
 800382a:      	lsls	r1, r1, #0x1f
 800382c:      	beq	0x800383a <save_calibration+0xbe> @ imm = #0xa
 800382e:      	adds	r0, #0x1
 8003830:      	blo	0x8003828 <save_calibration+0xac> @ imm = #-0xc
 8003832:      	movs	r0, #0x0
 8003834:      	mvn	r4, #0x2
 8003838:      	b	0x8003890 <save_calibration+0x114> @ imm = #0x54
 800383a:      	ldr	r0, [r2]
 800383c:      	ldr	r1, [r2, #0x4]
 800383e:      	ands	r0, r0, #0x14
 8003842:      	bic	r1, r1, #0x2
 8003846:      	str	r1, [r2, #0x4]
 8003848:      	beq	0x800384e <save_calibration+0xd2> @ imm = #0x2
 800384a:      	movs	r0, #0x0
 800384c:      	b	0x8003896 <save_calibration+0x11a> @ imm = #0x46
 800384e:      	ldr	r1, [r2, #0x4]
 8003850:      	clz	r0, r0
 8003854:      	orr	r1, r1, #0x1
 8003858:      	lsrs	r0, r0, #0x5
 800385a:      	str	r1, [r2, #0x4]
 800385c:      	movs	r1, #0x0
 800385e:      	ldrh.w	r4, [lr, r1, lsl #1]
 8003862:      	strh.w	r4, [r12, r1, lsl #1]
 8003866:      	mov	r4, r3
 8003868:      	ldr	r5, [r2]
 800386a:      	lsls	r5, r5, #0x1f
 800386c:      	beq	0x8003874 <save_calibration+0xf8> @ imm = #0x4
 800386e:      	adds	r4, #0x1
 8003870:      	blo	0x8003868 <save_calibration+0xec> @ imm = #-0xc
 8003872:      	b	0x800388a <save_calibration+0x10e> @ imm = #0x14
 8003874:      	ldr	r4, [r2]
 8003876:      	tst.w	r4, #0x14
 800387a:      	bne	0x800388a <save_calibration+0x10e> @ imm = #0xc
 800387c:      	adds	r1, #0x1
 800387e:      	cmp.w	r1, #0x100
 8003882:      	mvn	r4, #0x1
 8003886:      	bne	0x800385e <save_calibration+0xe2> @ imm = #-0x2c
 8003888:      	b	0x8003890 <save_calibration+0x114> @ imm = #0x4
 800388a:      	movs	r0, #0x0
 800388c:      	mvn	r4, #0x1
 8003890:      	ldr	r1, [r2, #0x4]
 8003892:      	ands	r1, r4
 8003894:      	str	r1, [r2, #0x4]
 8003896:      	ldr	r1, [r2, #0x4]
 8003898:      	orr	r1, r1, #0x80
 800389c:      	str	r1, [r2, #0x4]
 800389e:      	cpsie i
 80038a0:      	cbz	r0, 0x80038a4 <save_calibration+0x128> @ imm = #0x0
 80038a2:      	pop	{r4, r5, r7, pc}
 80038a4:      	movw	r2, #0x180c
 80038a8:      	mrs	r1, primask
 80038ac:      	cpsid i
 80038ae:      	movt	r2, #0x2000
 80038b2:      	ldrh	r3, [r2]
 80038b4:      	orr	r3, r3, #0x200
 80038b8:      	strh	r3, [r2]
 80038ba:      	msr	primask, r1
 80038be:      	pop	{r4, r5, r7, pc}

080038c0 <start_actuator_test>:
 80038c0:      	push	{r4, r5, r6, r7, lr}
 80038c2:      	add	r7, sp, #0xc
 80038c4:      	str	r11, [sp, #-4]!
 80038c8:      	movw	r6, #0xc08
 80038cc:      	movt	r6, #0x4001
 80038d0:      	ldr	r1, [r6]
 80038d2:      	lsls	r1, r1, #0x12
 80038d4:      	bmi	0x80038f0 <start_actuator_test+0x30> @ imm = #0x18
 80038d6:      	mov	r4, r0
 80038d8:      	movw	r0, #0x15d8
 80038dc:      	movt	r0, #0x2000
 80038e0:      	ldrh	r0, [r0]
 80038e2:      	cbnz	r0, 0x80038f0 <start_actuator_test+0x30> @ imm = #0xa
 80038e4:      	movw	r0, #0x15d0
 80038e8:      	movt	r0, #0x2000
 80038ec:      	ldrb	r0, [r0]
 80038ee:      	cbz	r0, 0x80038fa <start_actuator_test+0x3a> @ imm = #0x8
 80038f0:      	movs	r4, #0x0
 80038f2:      	mov	r0, r4
 80038f4:      	ldr	r11, [sp], #4
 80038f8:      	pop	{r4, r5, r6, r7, pc}
 80038fa:      	movs	r0, #0x0
 80038fc:      	bl	0x8002aa4 <stop_actuator_test> @ imm = #-0xe5c
 8003900:      	movw	r0, #0x20
 8003904:      	movt	r0, #0x2000
 8003908:      	ldr.w	r12, [r0]
 800390c:      	ldrb	r0, [r4]
 800390e:      	cbz	r0, 0x800392e <start_actuator_test+0x6e> @ imm = #0x1c
 8003910:      	movw	r2, #0x4267
 8003914:      	adds	r3, r4, #0x1
 8003916:      	movt	r2, #0x800
 800391a:      	mov	r1, r0
 800391c:      	ldrb	r5, [r2]
 800391e:      	cmp	r1, r5
 8003920:      	bne	0x800393a <start_actuator_test+0x7a> @ imm = #0x16
 8003922:      	ldrb	r1, [r3], #1
 8003926:      	adds	r2, #0x1
 8003928:      	cmp	r1, #0x0
 800392a:      	bne	0x800391c <start_actuator_test+0x5c> @ imm = #-0x12
 800392c:      	b	0x8003936 <start_actuator_test+0x76> @ imm = #0x6
 800392e:      	movw	r2, #0x4267
 8003932:      	movt	r2, #0x800
 8003936:      	ldrb	r1, [r2]
 8003938:      	cbz	r1, 0x8003986 <start_actuator_test+0xc6> @ imm = #0x4a
 800393a:      	cbz	r0, 0x800395a <start_actuator_test+0x9a> @ imm = #0x1c
 800393c:      	movw	r2, #0x3fe8
 8003940:      	adds	r3, r4, #0x1
 8003942:      	movt	r2, #0x800
 8003946:      	mov	r1, r0
 8003948:      	ldrb	r5, [r2]
 800394a:      	cmp	r1, r5
 800394c:      	bne	0x8003966 <start_actuator_test+0xa6> @ imm = #0x16
 800394e:      	ldrb	r1, [r3], #1
 8003952:      	adds	r2, #0x1
 8003954:      	cmp	r1, #0x0
 8003956:      	bne	0x8003948 <start_actuator_test+0x88> @ imm = #-0x12
 8003958:      	b	0x8003962 <start_actuator_test+0xa2> @ imm = #0x6
 800395a:      	movw	r2, #0x3fe8
 800395e:      	movt	r2, #0x800
 8003962:      	ldrb	r1, [r2]
 8003964:      	cbz	r1, 0x80039d6 <start_actuator_test+0x116> @ imm = #0x6e
 8003966:      	cbz	r0, 0x80039a8 <start_actuator_test+0xe8> @ imm = #0x3e
 8003968:      	movw	r2, #0x406c
 800396c:      	adds	r3, r4, #0x1
 800396e:      	movt	r2, #0x800
 8003972:      	mov	r1, r0
 8003974:      	ldrb	r5, [r2]
 8003976:      	cmp	r1, r5
 8003978:      	bne	0x80039b4 <start_actuator_test+0xf4> @ imm = #0x38
 800397a:      	ldrb	r1, [r3], #1
 800397e:      	adds	r2, #0x1
 8003980:      	cmp	r1, #0x0
 8003982:      	bne	0x8003974 <start_actuator_test+0xb4> @ imm = #-0x12
 8003984:      	b	0x80039b0 <start_actuator_test+0xf0> @ imm = #0x28
 8003986:      	movw	r0, #0x15e1
 800398a:      	movt	r0, #0x2000
 800398e:      	movs	r4, #0x1
 8003990:      	movw	r1, #0x181c
 8003994:      	strb	r4, [r0]
 8003996:      	add.w	r0, r12, #0x7d0
 800399a:      	movt	r1, #0x2000
 800399e:      	str	r0, [r1]
 80039a0:      	mov.w	r0, #0x800
 80039a4:      	str	r0, [r6, #0x8]
 80039a6:      	b	0x80038f2 <start_actuator_test+0x32> @ imm = #-0xb8
 80039a8:      	movw	r2, #0x406c
 80039ac:      	movt	r2, #0x800
 80039b0:      	ldrb	r1, [r2]
 80039b2:      	cbz	r1, 0x8003a2a <start_actuator_test+0x16a> @ imm = #0x74
 80039b4:      	cbz	r0, 0x80039fe <start_actuator_test+0x13e> @ imm = #0x46
 80039b6:      	movw	r2, #0x4179
 80039ba:      	adds	r3, r4, #0x1
 80039bc:      	movt	r2, #0x800
 80039c0:      	mov	r1, r0
 80039c2:      	nop
 80039c4:      	ldrb	r5, [r2]
 80039c6:      	cmp	r1, r5
 80039c8:      	bne	0x8003a0a <start_actuator_test+0x14a> @ imm = #0x3e
 80039ca:      	ldrb	r1, [r3], #1
 80039ce:      	adds	r2, #0x1
 80039d0:      	cmp	r1, #0x0
 80039d2:      	bne	0x80039c4 <start_actuator_test+0x104> @ imm = #-0x12
 80039d4:      	b	0x8003a06 <start_actuator_test+0x146> @ imm = #0x2e
 80039d6:      	movw	r0, #0x15e1
 80039da:      	movt	r0, #0x2000
 80039de:      	movs	r1, #0x2
 80039e0:      	strb	r1, [r0]
 80039e2:      	movw	r1, #0x181c
 80039e6:      	add.w	r0, r12, #0x32
 80039ea:      	movt	r1, #0x2000
 80039ee:      	str	r0, [r1]
 80039f0:      	movs	r0, #0xa
 80039f2:      	movs	r1, #0x4
 80039f4:      	movw	r2, #0xbb8
 80039f8:      	bl	0x8003c90 <test_pulse>  @ imm = #0x294
 80039fc:      	b	0x8003b80 <start_actuator_test+0x2c0> @ imm = #0x180
 80039fe:      	movw	r2, #0x4179
 8003a02:      	movt	r2, #0x800
 8003a06:      	ldrb	r1, [r2]
 8003a08:      	cbz	r1, 0x8003a76 <start_actuator_test+0x1b6> @ imm = #0x6a
 8003a0a:      	cbz	r0, 0x8003a4a <start_actuator_test+0x18a> @ imm = #0x3c
 8003a0c:      	movw	r2, #0x3fba
 8003a10:      	adds	r3, r4, #0x1
 8003a12:      	movt	r2, #0x800
 8003a16:      	mov	r1, r0
 8003a18:      	ldrb	r5, [r2]
 8003a1a:      	cmp	r1, r5
 8003a1c:      	bne	0x8003a56 <start_actuator_test+0x196> @ imm = #0x36
 8003a1e:      	ldrb	r1, [r3], #1
 8003a22:      	adds	r2, #0x1
 8003a24:      	cmp	r1, #0x0
 8003a26:      	bne	0x8003a18 <start_actuator_test+0x158> @ imm = #-0x12
 8003a28:      	b	0x8003a52 <start_actuator_test+0x192> @ imm = #0x26
 8003a2a:      	movw	r0, #0x15e1
 8003a2e:      	movt	r0, #0x2000
 8003a32:      	movs	r1, #0x3
 8003a34:      	strb	r1, [r0]
 8003a36:      	movw	r1, #0x181c
 8003a3a:      	add.w	r0, r12, #0x32
 8003a3e:      	movt	r1, #0x2000
 8003a42:      	str	r0, [r1]
 8003a44:      	movs	r0, #0x0
 8003a46:      	movs	r1, #0x1
 8003a48:      	b	0x8003a94 <start_actuator_test+0x1d4> @ imm = #0x48
 8003a4a:      	movw	r2, #0x3fba
 8003a4e:      	movt	r2, #0x800
 8003a52:      	ldrb	r1, [r2]
 8003a54:      	cbz	r1, 0x8003acc <start_actuator_test+0x20c> @ imm = #0x74
 8003a56:      	cbz	r0, 0x8003aa0 <start_actuator_test+0x1e0> @ imm = #0x46
 8003a58:      	movw	r2, #0x3f5f
 8003a5c:      	adds	r3, r4, #0x1
 8003a5e:      	movt	r2, #0x800
 8003a62:      	mov	r1, r0
 8003a64:      	ldrb	r5, [r2]
 8003a66:      	cmp	r1, r5
 8003a68:      	bne	0x8003aac <start_actuator_test+0x1ec> @ imm = #0x40
 8003a6a:      	ldrb	r1, [r3], #1
 8003a6e:      	adds	r2, #0x1
 8003a70:      	cmp	r1, #0x0
 8003a72:      	bne	0x8003a64 <start_actuator_test+0x1a4> @ imm = #-0x12
 8003a74:      	b	0x8003aa8 <start_actuator_test+0x1e8> @ imm = #0x30
 8003a76:      	movw	r0, #0x15e1
 8003a7a:      	movt	r0, #0x2000
 8003a7e:      	movs	r1, #0x4
 8003a80:      	strb	r1, [r0]
 8003a82:      	movw	r1, #0x181c
 8003a86:      	add.w	r0, r12, #0x32
 8003a8a:      	movt	r1, #0x2000
 8003a8e:      	str	r0, [r1]
 8003a90:      	movs	r0, #0x1
 8003a92:      	movs	r1, #0x3
 8003a94:      	mov.w	r2, #0x3e8
 8003a98:      	movs	r4, #0x1
 8003a9a:      	bl	0x8003c90 <test_pulse>  @ imm = #0x1f2
 8003a9e:      	b	0x80038f2 <start_actuator_test+0x32> @ imm = #-0x1b0
 8003aa0:      	movw	r2, #0x3f5f
 8003aa4:      	movt	r2, #0x800
 8003aa8:      	ldrb	r1, [r2]
 8003aaa:      	cbz	r1, 0x8003acc <start_actuator_test+0x20c> @ imm = #0x1e
 8003aac:      	cbz	r0, 0x8003af4 <start_actuator_test+0x234> @ imm = #0x44
 8003aae:      	movw	r2, #0x4130
 8003ab2:      	adds	r3, r4, #0x1
 8003ab4:      	movt	r2, #0x800
 8003ab8:      	ldrb	r1, [r2]
 8003aba:      	cmp	r0, r1
 8003abc:      	bne.w	0x80038f0 <start_actuator_test+0x30> @ imm = #-0x1d0
 8003ac0:      	ldrb	r0, [r3], #1
 8003ac4:      	adds	r2, #0x1
 8003ac6:      	cmp	r0, #0x0
 8003ac8:      	bne	0x8003ab8 <start_actuator_test+0x1f8> @ imm = #-0x14
 8003aca:      	b	0x8003afc <start_actuator_test+0x23c> @ imm = #0x2e
 8003acc:      	ldr.w	r1, [r6, #0x400]
 8003ad0:      	lsls	r1, r1, #0x12
 8003ad2:      	bpl.w	0x80038f0 <start_actuator_test+0x30> @ imm = #-0x1e6
 8003ad6:      	cbz	r0, 0x8003b2c <start_actuator_test+0x26c> @ imm = #0x52
 8003ad8:      	movw	r2, #0x3fba
 8003adc:      	adds	r3, r4, #0x1
 8003ade:      	movt	r2, #0x800
 8003ae2:      	ldrb	r1, [r2]
 8003ae4:      	cmp	r0, r1
 8003ae6:      	bne	0x8003b40 <start_actuator_test+0x280> @ imm = #0x56
 8003ae8:      	ldrb	r0, [r3], #1
 8003aec:      	adds	r2, #0x1
 8003aee:      	cmp	r0, #0x0
 8003af0:      	bne	0x8003ae2 <start_actuator_test+0x222> @ imm = #-0x12
 8003af2:      	b	0x8003b34 <start_actuator_test+0x274> @ imm = #0x3e
 8003af4:      	movw	r2, #0x4130
 8003af8:      	movt	r2, #0x800
 8003afc:      	ldrb	r0, [r2]
 8003afe:      	cmp	r0, #0x0
 8003b00:      	bne.w	0x80038f0 <start_actuator_test+0x30> @ imm = #-0x214
 8003b04:      	movw	r0, #0x15e1
 8003b08:      	movt	r0, #0x2000
 8003b0c:      	movs	r1, #0x7
 8003b0e:      	strb	r1, [r0]
 8003b10:      	movw	r1, #0x181c
 8003b14:      	add.w	r0, r12, #0x7d0
 8003b18:      	movt	r1, #0x2000
 8003b1c:      	str	r0, [r1]
 8003b1e:      	movw	r0, #0x1815
 8003b22:      	movt	r0, #0x2000
 8003b26:      	movs	r1, #0x14
 8003b28:      	strb	r1, [r0]
 8003b2a:      	b	0x8003b80 <start_actuator_test+0x2c0> @ imm = #0x52
 8003b2c:      	movw	r2, #0x3fba
 8003b30:      	movt	r2, #0x800
 8003b34:      	ldrb	r1, [r2]
 8003b36:      	movs	r0, #0x6
 8003b38:      	cmp	r1, #0x0
 8003b3a:      	it	eq
 8003b3c:      	moveq	r0, #0x5
 8003b3e:      	b	0x8003b42 <start_actuator_test+0x282> @ imm = #0x0
 8003b40:      	movs	r0, #0x6
 8003b42:      	movw	r1, #0x15e1
 8003b46:      	movt	r1, #0x2000
 8003b4a:      	strb	r0, [r1]
 8003b4c:      	movw	r0, #0x1820
 8003b50:      	movt	r0, #0x2000
 8003b54:      	movs	r1, #0x14
 8003b56:      	strh	r1, [r0]
 8003b58:      	movw	r0, #0x1824
 8003b5c:      	movt	r0, #0x2000
 8003b60:      	movw	r1, #0x181c
 8003b64:      	str.w	r12, [r0]
 8003b68:      	add.w	r0, r12, #0x1f4
 8003b6c:      	movt	r1, #0x2000
 8003b70:      	str	r0, [r1]
 8003b72:      	movw	r0, #0xfc08
 8003b76:      	movt	r0, #0xffff
 8003b7a:      	mov.w	r1, #0x100
 8003b7e:      	str	r1, [r6, r0]
 8003b80:      	movs	r4, #0x1
 8003b82:      	b	0x80038f2 <start_actuator_test+0x32> @ imm = #-0x294

08003b84 <port_u32>:
 8003b84:      	push	{r4, r5, r6, r7, lr}
 8003b86:      	add	r7, sp, #0xc
 8003b88:      	str	r8, [sp, #-4]!
 8003b8c:      	sub	sp, #0x10
 8003b8e:      	movw	r2, #0xcccd
 8003b92:      	mov	r8, r0
 8003b94:      	movs	r6, #0x0
 8003b96:      	movs	r4, #0x1
 8003b98:      	movt	r2, #0xcccc
 8003b9c:      	sub.w	r12, r7, #0x1b
 8003ba0:      	umull	r3, r0, r1, r2
 8003ba4:      	lsrs	r0, r0, #0x3
 8003ba6:      	add.w	r3, r0, r0, lsl #2
 8003baa:      	sub.w	r3, r1, r3, lsl #1
 8003bae:      	mov	r5, r4
 8003bb0:      	orr	r4, r3, #0x30
 8003bb4:      	adds	r3, r6, #0x1
 8003bb6:      	uxtb	r6, r6
 8003bb8:      	strb.w	r4, [r12, r6]
 8003bbc:      	adds	r4, r5, #0x1
 8003bbe:      	cmp	r1, #0x9
 8003bc0:      	mov	r1, r0
 8003bc2:      	mov	r6, r3
 8003bc4:      	bhi	0x8003ba0 <port_u32+0x1c> @ imm = #-0x28
 8003bc6:      	lsls	r0, r3, #0x18
 8003bc8:      	beq	0x8003be0 <port_u32+0x5c> @ imm = #0x14
 8003bca:      	uxtb	r2, r5
 8003bcc:      	sub.w	r4, r12, #0x1
 8003bd0:      	ldrb	r1, [r4, r2]
 8003bd2:      	mov	r0, r8
 8003bd4:      	subs	r5, r2, #0x1
 8003bd6:      	bl	0x8001d8c <port_char>   @ imm = #-0x1e4e
 8003bda:      	cmp	r5, #0x0
 8003bdc:      	mov	r2, r5
 8003bde:      	bne	0x8003bd0 <port_u32+0x4c> @ imm = #-0x12
 8003be0:      	add	sp, #0x10
 8003be2:      	ldr	r8, [sp], #4
 8003be6:      	pop	{r4, r5, r6, r7, pc}

08003be8 <port_i32>:
 8003be8:      	push	{r4, r5, r7, lr}
 8003bea:      	add	r7, sp, #0x8
 8003bec:      	mov	r4, r1
 8003bee:      	cmp.w	r1, #0xffffffff
 8003bf2:      	mov	r5, r0
 8003bf4:      	bgt	0x8003c00 <port_i32+0x18> @ imm = #0x8
 8003bf6:      	mov	r0, r5
 8003bf8:      	movs	r1, #0x2d
 8003bfa:      	bl	0x8001d8c <port_char>   @ imm = #-0x1e72
 8003bfe:      	rsbs	r4, r4, #0
 8003c00:      	mov	r0, r5
 8003c02:      	mov	r1, r4
 8003c04:      	pop.w	{r4, r5, r7, lr}
 8003c08:      	b.w	0x8003b84 <port_u32>    @ imm = #-0x88

08003c0c <print_param>:
 8003c0c:      	push	{r4, r5, r6, r7, lr}
 8003c0e:      	add	r7, sp, #0xc
 8003c10:      	push.w	{r8, r9, r10}
 8003c14:      	movw	r10, #0x3f5c
 8003c18:      	mov	r8, r2
 8003c1a:      	mov	r9, r1
 8003c1c:      	mov	r4, r0
 8003c1e:      	movs	r1, #0x0
 8003c20:      	movs	r0, #0x50
 8003c22:      	movt	r10, #0x800
 8003c26:      	nop
 8003c28:      	adds	r6, r1, #0x1
 8003c2a:      	add.w	r5, r10, r1
 8003c2e:      	uxtb	r1, r0
 8003c30:      	mov	r0, r4
 8003c32:      	bl	0x8001d8c <port_char>   @ imm = #-0x1eaa
 8003c36:      	ldrb	r0, [r5, #0x1]
 8003c38:      	cmp	r6, #0x2
 8003c3a:      	mov	r1, r6
 8003c3c:      	bne	0x8003c28 <print_param+0x1c> @ imm = #-0x18
 8003c3e:      	ldrb.w	r0, [r9]
 8003c42:      	cbz	r0, 0x8003c58 <print_param+0x4c> @ imm = #0x12
 8003c44:      	add.w	r5, r9, #0x1
 8003c48:      	uxtb	r1, r0
 8003c4a:      	mov	r0, r4
 8003c4c:      	bl	0x8001d8c <port_char>   @ imm = #-0x1ec4
 8003c50:      	ldrb	r0, [r5], #1
 8003c54:      	cmp	r0, #0x0
 8003c56:      	bne	0x8003c48 <print_param+0x3c> @ imm = #-0x12
 8003c58:      	mov	r0, r4
 8003c5a:      	movs	r1, #0x2c
 8003c5c:      	bl	0x8001d8c <port_char>   @ imm = #-0x1ed4
 8003c60:      	mov	r0, r4
 8003c62:      	mov	r1, r8
 8003c64:      	bl	0x8003be8 <port_i32>    @ imm = #-0x80
 8003c68:      	movw	r8, #0x4103
 8003c6c:      	movs	r1, #0x0
 8003c6e:      	movs	r0, #0xd
 8003c70:      	movt	r8, #0x800
 8003c74:      	adds	r6, r1, #0x1
 8003c76:      	add.w	r5, r8, r1
 8003c7a:      	uxtb	r1, r0
 8003c7c:      	mov	r0, r4
 8003c7e:      	bl	0x8001d8c <port_char>   @ imm = #-0x1ef6
 8003c82:      	ldrb	r0, [r5, #0x1]
 8003c84:      	cmp	r6, #0x2
 8003c86:      	mov	r1, r6
 8003c88:      	bne	0x8003c74 <print_param+0x68> @ imm = #-0x18
 8003c8a:      	pop.w	{r8, r9, r10}
 8003c8e:      	pop	{r4, r5, r6, r7, pc}

08003c90 <test_pulse>:
 8003c90:      	push	{r4, r5, r6, r7, lr}
 8003c92:      	add	r7, sp, #0xc
 8003c94:      	str	r8, [sp, #-4]!
 8003c98:      	mov.w	r12, #0x1
 8003c9c:      	movw	r3, #0xc10
 8003ca0:      	lsl.w	r0, r12, r0
 8003ca4:      	movt	r3, #0x4001
 8003ca8:      	movs	r5, #0x10
 8003caa:      	mrs	r8, primask
 8003cae:      	cpsid i
 8003cb0:      	str	r0, [r3]
 8003cb2:      	movw	r3, #0x15c4
 8003cb6:      	movt	r5, #0x4000
 8003cba:      	mrs	r0, primask
 8003cbe:      	cpsid i
 8003cc0:      	movt	r3, #0x2000
 8003cc4:      	ldr	r3, [r3]
 8003cc6:      	ldr	r4, [r5, #0x14]
 8003cc8:      	ldr	r6, [r5]
 8003cca:      	lsls	r6, r6, #0x1f
 8003ccc:      	itt	ne
 8003cce:      	ldrne	r4, [r5, #0x14]
 8003cd0:      	addne.w	r3, r3, #0x10000
 8003cd4:      	msr	primask, r0
 8003cd8:      	uxth	r0, r4
 8003cda:      	add	r2, r3
 8003cdc:      	add	r0, r2
 8003cde:      	movw	r2, #0x17f8
 8003ce2:      	movt	r2, #0x2000
 8003ce6:      	str.w	r0, [r2, r1, lsl #2]
 8003cea:      	movw	r0, #0x17f4
 8003cee:      	movt	r0, #0x2000
 8003cf2:      	ldrb	r2, [r0]
 8003cf4:      	lsl.w	r1, r12, r1
 8003cf8:      	orrs	r1, r2
 8003cfa:      	strb	r1, [r0]
 8003cfc:      	bl	0x8000200 <sched_run>   @ imm = #-0x3b00
 8003d00:      	msr	primask, r8
 8003d04:      	ldr	r8, [sp], #4
 8003d08:      	pop	{r4, r5, r6, r7, pc}
 8003d0a:      	bmi	0x8003cb6 <test_pulse+0x26> @ imm = #-0x58

08003d0c <injector_deadtime>:
 8003d0c:      	cmp.w	r0, #0x1f40
 8003d10:      	bhi	0x8003d18 <injector_deadtime+0xc> @ imm = #0x4
 8003d12:      	movw	r0, #0x79f
 8003d16:      	b	0x8003d78 <injector_deadtime+0x6c> @ imm = #0x5e
 8003d18:      	lsrs	r1, r0, #0x7
 8003d1a:      	cmp	r1, #0x7c
 8003d1c:      	bhi	0x8003d38 <injector_deadtime+0x2c> @ imm = #0x18
 8003d1e:      	movw	r2, #0x45aa
 8003d22:      	movs	r1, #0x0
 8003d24:      	movt	r2, #0x800
 8003d28:      	add.w	r3, r2, r1, lsl #1
 8003d2c:      	ldrh	r3, [r3, #0x2]
 8003d2e:      	cmp	r3, r0
 8003d30:      	bhs	0x8003d3e <injector_deadtime+0x32> @ imm = #0xa
 8003d32:      	adds	r1, #0x1
 8003d34:      	cmp	r1, #0x8
 8003d36:      	bne	0x8003d28 <injector_deadtime+0x1c> @ imm = #-0x12
 8003d38:      	movw	r0, #0x1eb
 8003d3c:      	b	0x8003d78 <injector_deadtime+0x6c> @ imm = #0x38
 8003d3e:      	push	{r7, lr}
 8003d40:      	mov	r7, sp
 8003d42:      	movw	r12, #0x45bc
 8003d46:      	movt	r12, #0x800
 8003d4a:      	add.w	lr, r12, r1, lsl #1
 8003d4e:      	ldrh.w	r3, [r12, r1, lsl #1]
 8003d52:      	ldrh.w	r1, [r2, r1, lsl #1]
 8003d56:      	ldrh.w	r2, [lr, #0x2]
 8003d5a:      	subs	r0, r0, r1
 8003d5c:      	subs	r1, r2, r3
 8003d5e:      	muls	r0, r1, r0
 8003d60:      	movw	r1, #0x4dd3
 8003d64:      	movt	r1, #0x1062
 8003d68:      	smull	r0, r1, r0, r1
 8003d6c:      	asrs	r0, r1, #0x6
 8003d6e:      	add.w	r0, r0, r1, lsr #31
 8003d72:      	add	r0, r3
 8003d74:      	pop.w	{r7, lr}
 8003d78:      	uxth	r0, r0
 8003d7a:      	bx	lr

08003d7c <bracket_value>:
 8003d7c:      	ldrh	r3, [r1]
 8003d7e:      	cmp	r3, r0
 8003d80:      	bhs	0x8003db6 <bracket_value+0x3a> @ imm = #0x32
 8003d82:      	sub.w	r12, r2, #0x1
 8003d86:      	ldrh.w	r3, [r1, r12, lsl #1]
 8003d8a:      	cmp	r3, r0
 8003d8c:      	bls	0x8003dc0 <bracket_value+0x44> @ imm = #0x30
 8003d8e:      	cmp	r2, #0x2
 8003d90:      	blo	0x8003db6 <bracket_value+0x3a> @ imm = #0x22
 8003d92:      	push	{r4, r6, r7, lr}
 8003d94:      	add	r7, sp, #0x8
 8003d96:      	ldrh.w	lr, [r1, #0x2]
 8003d9a:      	cmp	lr, r0
 8003d9c:      	bhs	0x8003dc6 <bracket_value+0x4a> @ imm = #0x26
 8003d9e:      	movs	r3, #0x0
 8003da0:      	adds	r3, #0x1
 8003da2:      	uxtb	r4, r3
 8003da4:      	add.w	r12, r4, #0x1
 8003da8:      	cmp	r12, r2
 8003daa:      	bhs	0x8003de6 <bracket_value+0x6a> @ imm = #0x38
 8003dac:      	ldrh.w	lr, [r1, r12, lsl #1]
 8003db0:      	cmp	lr, r0
 8003db2:      	blo	0x8003da0 <bracket_value+0x24> @ imm = #-0x16
 8003db4:      	b	0x8003dce <bracket_value+0x52> @ imm = #0x16
 8003db6:      	movs	r0, #0x0
 8003db8:      	mov.w	r12, #0x0
 8003dbc:      	movs	r3, #0x0
 8003dbe:      	b	0x8003df2 <bracket_value+0x76> @ imm = #0x30
 8003dc0:      	movs	r0, #0x0
 8003dc2:      	mov	r3, r12
 8003dc4:      	b	0x8003df2 <bracket_value+0x76> @ imm = #0x2a
 8003dc6:      	movs	r4, #0x0
 8003dc8:      	mov.w	r12, #0x1
 8003dcc:      	movs	r3, #0x0
 8003dce:      	ldrh.w	r1, [r1, r4, lsl #1]
 8003dd2:      	mov.w	r2, #0x3e8
 8003dd6:      	subs	r0, r0, r1
 8003dd8:      	muls	r0, r2, r0
 8003dda:      	sub.w	r1, lr, r1
 8003dde:      	udiv	r0, r0, r1
 8003de2:      	lsls	r0, r0, #0x10
 8003de4:      	b	0x8003dee <bracket_value+0x72> @ imm = #0x6
 8003de6:      	movs	r0, #0x0
 8003de8:      	mov.w	r12, #0x0
 8003dec:      	movs	r3, #0x0
 8003dee:      	pop.w	{r4, r6, r7, lr}
 8003df2:      	lsl.w	r1, r12, #0x8
 8003df6:      	uxth	r1, r1
 8003df8:      	orrs	r0, r1
 8003dfa:      	uxtb	r1, r3
 8003dfc:      	orrs	r0, r1
 8003dfe:      	bx	lr

08003e00 <step_iac>:
 8003e00:      	push	{r7, lr}
 8003e02:      	mov	r7, sp
 8003e04:      	movw	r12, #0x15e4
 8003e08:      	movt	r12, #0x2000
 8003e0c:      	ldrb.w	r2, [r12, #0x1f4]
 8003e10:      	movw	lr, #0x1838
 8003e14:      	movt	lr, #0x2000
 8003e18:      	muls	r2, r0, r2
 8003e1a:      	ldrb.w	r1, [lr]
 8003e1e:      	sxtb	r2, r2
 8003e20:      	movs	r3, #0x1
 8003e22:      	cmp	r2, #0x1
 8003e24:      	it	lt
 8003e26:      	movlt	r3, #0x3
 8003e28:      	add	r1, r3
 8003e2a:      	movw	r2, #0x45e6
 8003e2e:      	and	r1, r1, #0x3
 8003e32:      	movt	r2, #0x800
 8003e36:      	ldrb.w	r2, [r2, r1, lsl #2]
 8003e3a:      	movs	r3, #0x40
 8003e3c:      	cmp	r2, #0x0
 8003e3e:      	movw	r2, #0xc10
 8003e42:      	strb.w	r1, [lr]
 8003e46:      	it	eq
 8003e48:      	moveq.w	r3, #0x400000
 8003e4c:      	movt	r2, #0x4001
 8003e50:      	str	r3, [r2]
 8003e52:      	mov.w	r3, #0x800000
 8003e56:      	cmp	r1, #0x2
 8003e58:      	it	eq
 8003e5a:      	moveq	r3, #0x80
 8003e5c:      	str	r3, [r2]
 8003e5e:      	mov.w	r3, #0x1000000
 8003e62:      	cmp	r1, #0x1
 8003e64:      	it	eq
 8003e66:      	moveq.w	r3, #0x100
 8003e6a:      	str	r3, [r2]
 8003e6c:      	mov.w	r3, #0x2000000
 8003e70:      	cmp	r1, #0x3
 8003e72:      	movw	r1, #0x1818
 8003e76:      	it	eq
 8003e78:      	moveq.w	r3, #0x200
 8003e7c:      	str	r3, [r2]
 8003e7e:      	movt	r1, #0x2000
 8003e82:      	ldrb	r1, [r1]
 8003e84:      	cmp	r1, #0x1
 8003e86:      	it	ne
 8003e88:      	popne	{r7, pc}
 8003e8a:      	movw	r1, #0x1830
 8003e8e:      	movt	r1, #0x2000
 8003e92:      	ldrsh.w	r2, [r1]
 8003e96:      	ldrh.w	r3, [r12, #0x1ec]
 8003e9a:      	add	r0, r2
 8003e9c:      	cmp	r0, r3
 8003e9e:      	it	lt
 8003ea0:      	movlt	r3, r0
 8003ea2:      	cmp	r0, #0x0
 8003ea4:      	it	mi
 8003ea6:      	movmi	r3, #0x0
 8003ea8:      	strh	r3, [r1]
 8003eaa:      	pop	{r7, pc}

08003eac <print_test_event>:
 8003eac:      	push	{r4, r5, r6, r7, lr}
 8003eae:      	add	r7, sp, #0xc
 8003eb0:      	push.w	{r8, r9, r11}
 8003eb4:      	movw	r5, #0x4289
 8003eb8:      	mov	r8, r1
 8003eba:      	mov	r4, r0
 8003ebc:      	movs	r0, #0x54
 8003ebe:      	movs	r6, #0x1
 8003ec0:      	movt	r5, #0x800
 8003ec4:      	uxtb	r1, r0
 8003ec6:      	mov	r0, r4
 8003ec8:      	bl	0x8001d8c <port_char>   @ imm = #-0x2140
 8003ecc:      	ldrb	r0, [r5, r6]
 8003ece:      	adds	r6, #0x1
 8003ed0:      	cmp	r6, #0x6
 8003ed2:      	bne	0x8003ec4 <print_test_event+0x18> @ imm = #-0x12
 8003ed4:      	movw	r9, #0x40a6
 8003ed8:      	movs	r1, #0x0
 8003eda:      	movs	r0, #0x44
 8003edc:      	movt	r9, #0x800
 8003ee0:      	adds	r5, r1, #0x1
 8003ee2:      	add.w	r6, r9, r1
 8003ee6:      	uxtb	r1, r0
 8003ee8:      	mov	r0, r4
 8003eea:      	bl	0x8001d8c <port_char>   @ imm = #-0x2162
 8003eee:      	ldrb	r0, [r6, #0x1]
 8003ef0:      	cmp	r5, #0x4
 8003ef2:      	mov	r1, r5
 8003ef4:      	bne	0x8003ee0 <print_test_event+0x34> @ imm = #-0x18
 8003ef6:      	mov	r0, r4
 8003ef8:      	movs	r1, #0x2c
 8003efa:      	bl	0x8001d8c <port_char>   @ imm = #-0x2172
 8003efe:      	sub.w	r0, r8, #0x1
 8003f02:      	uxtb	r0, r0
 8003f04:      	cmp	r0, #0x6
 8003f06:      	bhi	0x8003f16 <print_test_event+0x6a> @ imm = #0xc
 8003f08:      	movw	r1, #0x460c
 8003f0c:      	movt	r1, #0x800
 8003f10:      	ldr.w	r1, [r1, r0, lsl #2]
 8003f14:      	b	0x8003f1e <print_test_event+0x72> @ imm = #0x6
 8003f16:      	movw	r1, #0x40be
 8003f1a:      	movt	r1, #0x800
 8003f1e:      	ldrb	r0, [r1]
 8003f20:      	cbz	r0, 0x8003f34 <print_test_event+0x88> @ imm = #0x10
 8003f22:      	adds	r5, r1, #0x1
 8003f24:      	uxtb	r1, r0
 8003f26:      	mov	r0, r4
 8003f28:      	bl	0x8001d8c <port_char>   @ imm = #-0x21a0
 8003f2c:      	ldrb	r0, [r5], #1
 8003f30:      	cmp	r0, #0x0
 8003f32:      	bne	0x8003f24 <print_test_event+0x78> @ imm = #-0x12
 8003f34:      	movw	r8, #0x4103
 8003f38:      	movs	r1, #0x0
 8003f3a:      	movs	r0, #0xd
 8003f3c:      	movt	r8, #0x800
 8003f40:      	adds	r6, r1, #0x1
 8003f42:      	add.w	r5, r8, r1
 8003f46:      	uxtb	r1, r0
 8003f48:      	mov	r0, r4
 8003f4a:      	bl	0x8001d8c <port_char>   @ imm = #-0x21c2
 8003f4e:      	ldrb	r0, [r5, #0x1]
 8003f50:      	cmp	r6, #0x2
 8003f52:      	mov	r1, r6
 8003f54:      	bne	0x8003f40 <print_test_event+0x94> @ imm = #-0x18
 8003f56:      	pop.w	{r8, r9, r11}
 8003f5a:      	pop	{r4, r5, r6, r7, pc}
 8003f5c:      	cmp	r4, #0x50
 8003f5e:      	ldr	r1, [pc, #0x0]          @ 0x8003f60 <print_test_event+0xb4>
 8003f60:      	muls	r1, r0, r1
 8003f62:      	muls	r7, r3, r7
 8003f64:      	ldr	r7, [pc, #0x130]        @ 0x8004098 <print_test_event+0x1ec>
 8003f66:      	cmp	r3, r10
 8003f68:      	ldr	r7, [pc, #0x0]          @ 0x8003f6c <print_test_event+0xc0>
 8003f6a:      	cmp	r4, #0x4b
 8003f6c:      	ldr	r1, [pc, #0x158]        @ 0x80040c8 <print_test_event+0x21c>
 8003f6e:      	ldr	r0, [pc, #0x12c]        @ 0x800409c <print_test_event+0x1f0>
 8003f70:      	adds	r3, #0x52
 8003f72:      	ldrsh	r0, [r6, r4]
 8003f74:      	strb	r3, [r2, r1]
 8003f76:      	adds	r3, #0x4d
 8003f78:      	cmp	r4, #0x32
 8003f7a:      	cmp	r0, r0
 8003f7c:      	strh	r2, [r2, r1]
 8003f7e:      	ldr	r4, [r5, #0x10]
 8003f80:      	str	r6, [r5, #0x44]
 8003f82:      	ldrb	r5, [r4, #0x1]
 8003f84:      	cmp	r0, r0
 8003f86:      	strh	r2, [r2, r1]
 8003f88:      	str	r4, [r5, #0x60]
 8003f8a:      	str	r4, [r5, #0x14]
 8003f8c:      	ldr	r3, [r6, #0x4]
 8003f8e:      	ldr	r7, [pc, #0x0]          @ 0x8003f90 <print_test_event+0xe4>
 8003f90:      	cmp	r4, #0x4b
 8003f92:      	adcs	r1, r1
 8003f94:      	ldrsh	r3, [r0, r5]
 8003f96:      	ldr	r7, [pc, #0x120]        @ 0x80040b8 <print_test_event+0x20c>
 8003f98:      	ldr	r1, [pc, #0x134]        @ 0x80040d0 <print_test_event+0x224>
 8003f9a:      	bx	r9
 8003f9c:      	ldr	r0, [r0, #0x10]
 8003f9e:      	ldr	r6, [r5, #0x24]
 8003fa0:      	str	r5, [r4, #0x34]
 8003fa2:      	ldr	r4, [r6, #0x74]
 8003fa4:      	ldrsh	r2, [r6, r5]
 8003fa6:      	str	r4, [r4, #0x54]
 8003fa8:      	str	r1, [r4, #0x44]
 8003faa:      	ldr	r4, [r6, #0x14]
 8003fac:      	str	r5, [r5, #0x54]
 8003fae:      	strb	r7, [r3, #0x15]
 8003fb0:      	lsls	r3, r6, #0x1
 8003fb2:      	adcs	r3, r2
 8003fb4:      	cmp	r6, r10
 8003fb6:      	ldr	r1, [pc, #0x0]          @ 0x8003fb8 <print_test_event+0x10c>
 8003fb8:      	movs	r4, r5
 8003fba:      	adcs	r1, r1
 8003fbc:      	ldrsh	r3, [r0, r5]
 8003fbe:      	str	r7, [r1, r1]
 8003fc0:      	ldr	r6, [pc, #0x114]        @ 0x80040d8 <print_test_event+0x22c>
 8003fc2:      	adds	r0, #0x0
 8003fc4:      	subs	r1, #0x2e
 8003fc6:      	adds	r0, #0x2e
 8003fc8:      	orrs	r5, r5
 8003fca:      	cmp	r5, #0x36
 8003fcc:      	strb	r2, [r0, r1]
 8003fce:      	add	r5, r5
 8003fd0:      	adcs	r1, r1
 8003fd2:      	lsls	r7, r0, #0x1
 8003fd4:      	strb	r4, [r6, #0x9]
 8003fd6:      	str	r1, [r5, #0x74]
 8003fd8:      	str	r7, [r4, #0x54]
 8003fda:      	ldrsh	r2, [r6, r5]
 8003fdc:      	strb	r4, [r6, #0x9]
 8003fde:      	ldr	r1, [r5, #0x54]
 8003fe0:      	strb	r7, [r3, #0x11]
 8003fe2:      	ldr	r5, [r4, #0x64]
 8003fe4:      	ldr	r4, [r6, #0x4]
 8003fe6:      	lsls	r3, r6, #0x1
 8003fe8:      	ldr	r6, [pc, #0x124]        @ 0x8004110 <print_test_event+0x264>
 8003fea:      	cmp	r2, r9
 8003fec:      	strb	r3, [r0, r1]
 8003fee:      	strh	r7, [r1, r1]
 8003ff0:      	ldr	r1, [pc, #0x0]          @ 0x8003ff4 <print_test_event+0x148>
 8003ff2:      	mov	r6, r9
 8003ff4:      	cmp	r4, #0x4f
 8003ff6:      	strb	r3, [r2, r1]
 8003ff8:      	adds	r3, #0x4d
 8003ffa:      	mov	r2, r6
 8003ffc:      	adds	r0, #0x31
 8003ffe:      	orrs	r3, r6
 8004000:      	strb	r6, [r6, r0]
 8004002:      	asrs	r6, r6
 8004004:      	tst	r4, r5
 8004006:      	strh	r1, [r0, r1]
 8004008:      	ldr	r5, [pc, #0x114]        @ 0x8004120 <print_test_event+0x274>
 800400a:      	strb	r5, [r0, r1]
 800400c:      	ldr	r4, [pc, #0x104]        @ 0x8004114 <print_test_event+0x268>
 800400e:      	strb	r4, [r5, r4]
 8004010:      	adcs	r3, r2
 8004012:      	strb	r2, [r2, r1]
 8004014:      	cmp	r4, #0x31
 8004016:      	muls	r0, r1, r0
 8004018:      	adds	r6, #0x30
 800401a:      	asrs	r4, r5
 800401c:      	strb	r3, [r0, r1]
 800401e:      	adcs	r5, r2
 8004020:      	ldr	r7, [pc, #0x150]        @ 0x8004174 <print_test_event+0x2c8>
 8004022:      	ldrsh	r2, [r2, r5]
 8004024:      	cmp	r4, r10
 8004026:      	strb	r3, [r2, r1]
 8004028:      	mov	r4, r5
 800402a:      	ldr	r4, [pc, #0x154]        @ 0x8004180 <print_test_event+0x2d4>
 800402c:      	ldrsh	r4, [r1, r5]
 800402e:      	ldr	r1, [pc, #0x110]        @ 0x8004140 <print_test_event+0x294>
 8004030:      	bx	r8
 8004032:      	adds	r3, #0x2c
 8004034:      	cmp	r5, #0x36
 8004036:      	cmp	r4, #0x31
 8004038:      	adds	r7, #0x31
 800403a:      	adds	r0, #0x30
 800403c:      	tst	r4, r5
 800403e:      	strh	r7, [r1, r5]
 8004040:      	ldr	r0, [pc, #0x10c]        @ 0x8004150 <print_test_event+0x2a4>
 8004042:      	adds	r2, #0x30
 8004044:      	adds	r0, #0x38
 8004046:      	adds	r5, #0x31
 8004048:      	adds	r1, #0x38
 800404a:      	adds	r7, #0x31
 800404c:      	add	r4, r5
 800404e:      	ldrsb	r2, [r2, r1]
 8004050:      	subs	r0, #0x38
 8004052:      	adds	r3, #0x34
 8004054:      	ldrsb	r4, [r5, r0]
 8004056:      	bx	r8
 8004058:      	subs	r0, #0x30
 800405a:      	lsls	r0, r1, #0x1
 800405c:      	adcs	r0, r2
 800405e:      	adcs	r2, r2
 8004060:      	strh	r5, [r1, r5]
 8004062:      	ldr	r7, [pc, #0x0]          @ 0x8004064 <print_test_event+0x1b8>
 8004064:      	cmp	r4, #0x4b
 8004066:      	cmp	r4, r10
 8004068:      	strb	r3, [r2, r1]
 800406a:      	movs	r4, r5
 800406c:      	ldr	r7, [pc, #0x10c]        @ 0x800417c <print_test_event+0x2d0>
 800406e:      	ldr	r4, [pc, #0x124]        @ 0x8004194 <print_test_event+0x2e8>
 8004070:      	movs	r1, r6
 8004072:      	cmp	r4, r8
 8004074:      	adcs	r6, r0
 8004076:      	ldr	r4, [pc, #0x154]        @ 0x80041cc <print_test_event+0x320>
 8004078:      	strh	r4, [r2, r5]
 800407a:      	str	r0, [r0, r0]
 800407c:      	ldr	r6, [pc, #0x124]        @ 0x80041a4 <print_test_event+0x2f8>
 800407e:      	lsls	r7, r0, #0x1
 8004080:      	cmp	r4, #0x46
 8004082:      	str	r0, [r0, #0x60]
 8004084:      	str	r5, [r6, #0x54]
 8004086:      	ldrsh	r4, [r5, r5]
 8004088:      	str	r3, [r6, #0x34]
 800408a:      	ldr	r1, [r4, #0x44]
 800408c:      	ldrsh	r5, [r4, r5]
 800408e:      	str	r0, [r6, #0x54]
 8004090:      	ldr	r2, [r6, #0x54]
 8004092:      	ldr	r1, [r5, #0x44]
 8004094:      	str	r4, [r5, #0x54]
 8004096:      	strb	r0, [r0, #0x8]
 8004098:      	strb	r5, [r4, #0x19]
 800409a:      	ldr	r7, [r3, #0x44]
 800409c:      	ldr	r1, [r5, #0x54]
 800409e:      	strb	r1, [r5, #0x11]
 80040a0:      	strb	r7, [r3, #0xd]
 80040a2:      	str	r7, [r5, #0x64]
 80040a4:      	lsls	r4, r6, #0x1
 80040a6:      	ldr	r7, [pc, #0x110]        @ 0x80041b8 <print_test_event+0x30c>
 80040a8:      	cmp	r6, r9
 80040aa:      	cmp	r0, r0
 80040ac:      	strh	r2, [r2, r1]
 80040ae:      	str	r4, [r5, #0x20]
 80040b0:      	str	r1, [r4, #0x44]
 80040b2:      	strb	r7, [r3, #0xd]
 80040b4:      	strb	r5, [r4, #0x11]
 80040b6:      	strh	r0, [r0, r4]
 80040b8:      	strh	r4, [r2, r1]
 80040ba:      	adcs	r5, r0
 80040bc:      	lsls	r5, r1, #0x1
 80040be:      	ldr	r7, [pc, #0x138]        @ 0x80041f8 <print_test_event+0x34c>
 80040c0:      	cmp	r6, r9
 80040c2:      	ldr	r7, [pc, #0x0]          @ 0x80040c4 <print_test_event+0x218>
 80040c4:      	lsls	r3, r1, #0x1
 80040c6:      	ldr	r3, [pc, #0x13c]        @ 0x8004204 <print_test_event+0x358>
 80040c8:      	strh	r4, [r5, r4]
 80040ca:      	ldrsb	r1, [r0, r1]
 80040cc:      	add	r5, r8
 80040ce:      	ldr	r7, [pc, #0x0]          @ 0x80040d0 <print_test_event+0x224>
 80040d0:      	cmp	r4, #0x4b
 80040d2:      	cmp	r4, r8
 80040d4:      	adcs	r6, r0
 80040d6:      	ldr	r4, [pc, #0x154]        @ 0x800422c <print_test_event+0x380>
 80040d8:      	strh	r4, [r2, r5]
 80040da:      	strh	r7, [r3, r1]
 80040dc:      	ldr	r5, [pc, #0x104]        @ 0x80041e4 <print_test_event+0x338>
 80040de:      	strb	r0, [r0, r0]
 80040e0:      	strh	r5, [r0, r5]
 80040e2:      	lsls	r4, r2, #0x1
 80040e4:      	strh	r5, [r0, r1]
 80040e6:      	cmp	r4, #0x52
 80040e8:      	str	r3, [r6, #0x54]
 80040ea:      	strb	r2, [r6, #0x19]
 80040ec:      	str	r1, [r5, #0x34]
 80040ee:      	ldrsh	r5, [r4, r5]
 80040f0:      	ldr	r4, [r5, #0x74]
 80040f2:      	ldr	r3, [r4, #0x34]
 80040f4:      	ldr	r0, [r0, #0x10]
 80040f6:      	str	r1, [r4, #0x34]
 80040f8:      	ldr	r7, [r3, #0x54]
 80040fa:      	ldrb	r1, [r4, #0x1]
 80040fc:      	strb	r7, [r3, #0xd]
 80040fe:      	str	r4, [r6, #0x54]
 8004100:      	strb	r0, [r6, #0xd]
 8004102:      	lsrs	r0, r0, #0x14
 8004104:      	movs	r2, r1
 8004106:      	strh	r5, [r0, r1]
 8004108:      	cmp	r4, #0x52
 800410a:      	str	r2, [r4, #0x14]
 800410c:      	ldrsh	r4, [r4, r5]
 800410e:      	str	r7, [r4, #0x54]
 8004110:      	lsls	r4, r6, #0x1
 8004112:      	cmp	r3, r10
 8004114:      	lsls	r4, r2, #0x1
 8004116:      	ldr	r7, [r6, #0x14]
 8004118:      	str	r4, [r4, #0x54]
 800411a:      	str	r2, [r4, #0x14]
 800411c:      	str	r6, [r5, #0x44]
 800411e:      	ldr	r7, [r3, #0x44]
 8004120:      	ldr	r1, [r4, #0x54]
 8004122:      	str	r2, [r4, #0x44]
 8004124:      	ldrsh	r1, [r4, r5]
 8004126:      	str	r5, [r5, #0x14]
 8004128:      	ldrsh	r0, [r7, r5]
 800412a:      	ldr	r5, [r5, #0x14]
 800412c:      	ldr	r4, [r5, #0x44]
 800412e:      	lsls	r1, r5, #0x1
 8004130:      	adds	r2, #0x4f
 8004132:      	ldr	r0, [pc, #0x17c]        @ 0x80042b0 <print_test_event+0x404>
 8004134:      	adcs	r5, r0
 8004136:      	cmp	r4, r10
 8004138:      	lsls	r2, r2, #0x1
 800413a:      	ldr	r7, [pc, #0x108]        @ 0x8004244 <print_test_event+0x398>
 800413c:      	strb	r7, [r1, r1]
 800413e:      	strb	r3, [r2, r1]
 8004140:      	bx	r8
 8004142:      	cmp	r4, #0x45
 8004144:      	adcs	r5, r2
 8004146:      	strb	r2, [r2, r1]
 8004148:      	strh	r7, [r3, r1]
 800414a:      	adcs	r5, r0
 800414c:      	ldr	r4, [r0, r5]
 800414e:      	ldr	r0, [pc, #0xb0]         @ 0x8004200 <print_test_event+0x354>
 8004150:      	ldr	r1, [pc, #0x14c]        @ 0x80042a0 <print_test_event+0x3f4>
 8004152:      	str	r7, [r3, r1]
 8004154:      	ldr	r4, [pc, #0x130]        @ 0x8004288 <print_test_event+0x3dc>
 8004156:      	adds	r4, #0x36
 8004158:      	strh	r0, [r0, r4]
 800415a:      	ldr	r7, [pc, #0x150]        @ 0x80042ac <print_test_event+0x400>
 800415c:      	lsls	r0, r2, #0x1
 800415e:      	strb	r4, [r6, #0x1]
 8004160:      	ldrsh	r3, [r6, r5]
 8004162:      	ldr	r5, [r5, #0x14]
 8004164:      	ldrsh	r6, [r5, r5]
 8004166:      	str	r2, [r6, #0x14]
 8004168:      	lsls	r7, r6, #0x1
 800416a:      	str	r2, [r6, #0x54]
 800416c:      	ldrsh	r6, [r6, r5]
 800416e:      	ldr	r4, [r5, #0x14]
 8004170:      	ldr	r5, [r5, #0x14]
 8004172:      	ldrsh	r4, [r6, r5]
 8004174:      	str	r0, [r5, #0x14]
 8004176:      	str	r2, [r6, #0x44]
 8004178:      	orrs	r0, r0
 800417a:      	ldr	r1, [pc, #0x13c]        @ 0x80042b8 <print_test_event+0x40c>
 800417c:      	adds	r2, #0x4c
 800417e:      	mov	r0, r0
 8004180:      	adcs	r4, r1
 8004182:      	ldr	r0, [pc, #0x14c]        @ 0x80042d0 <print_test_event+0x424>
 8004184:      	ldr	r0, [r0, #0x70]
 8004186:      	ldrsh	r2, [r6, r4]
 8004188:      	str	r0, [r5, #0x54]
 800418a:      	strb	r1, [r4, #0x11]
 800418c:      	strb	r5, [r4, #0x9]
 800418e:      	str	r7, [r3, #0x44]
 8004190:      	strb	r5, [r6, #0x11]
 8004192:      	ldrsh	r1, [r7, r5]
 8004194:      	str	r0, [r6, #0x34]
 8004196:      	lsls	r4, r6, #0x1
 8004198:      	ldr	r6, [pc, #0x124]        @ 0x80042c0 <print_test_event+0x414>
 800419a:      	ldr	r7, [pc, #0x118]        @ 0x80042b4 <print_test_event+0x408>
 800419c:      	mov	r0, r0
 800419e:      	cmp	r5, r10
 80041a0:      	lsls	r4, r1, #0x1
 80041a2:      	str	r1, [r5, #0x14]
 80041a4:      	ldrsh	r3, [r4, r5]
 80041a6:      	ldr	r0, [r5, #0x74]
 80041a8:      	ldrsh	r4, [r6, r5]
 80041aa:      	strb	r3, [r6, #0x11]
 80041ac:      	strb	r5, [r4, #0x1]
 80041ae:      	lsls	r3, r6, #0x1
 80041b0:      	str	r1, [r5, #0x14]
 80041b2:      	ldrsh	r3, [r4, r5]
 80041b4:      	str	r4, [r6, #0x14]
 80041b6:      	str	r2, [r6, #0x74]
 80041b8:      	strb	r5, [r4, #0x11]
 80041ba:      	strb	r7, [r3, #0x9]
 80041bc:      	ldr	r0, [r6, #0x54]
 80041be:      	strb	r0, [r0, #0x1c]
 80041c0:      	str	r1, [r5, #0x44]
 80041c2:      	str	r5, [r4, #0x24]
 80041c4:      	ldr	r1, [r4, #0x64]
 80041c6:      	ldrsh	r4, [r4, r5]
 80041c8:      	str	r4, [r5, #0x14]
 80041ca:      	str	r5, [r5, #0x24]
 80041cc:      	str	r4, [r4, #0x14]
 80041ce:      	ldr	r7, [r3, #0x54]
 80041d0:      	ldr	r1, [r5, #0x64]
 80041d2:      	ldr	r7, [r3, #0x54]
 80041d4:      	ldr	r1, [r5, #0x44]
 80041d6:      	ldr	r4, [r5, #0x14]
 80041d8:      	str	r0, [r0, r0]
 80041da:      	strh	r1, [r0, r1]
 80041dc:      	ldr	r5, [pc, #0x104]        @ 0x80042e4 <print_test_event+0x438>
 80041de:      	cmp	r0, r0
 80041e0:      	add	r6, r9
 80041e2:      	strb	r0, [r0, #0x10]
 80041e4:      	strb	r0, [r6, #0xd]
 80041e6:      	ldr	r7, [r3, #0x54]
 80041e8:      	ldrb	r1, [r4, #0x1]
 80041ea:      	strb	r7, [r3, #0x9]
 80041ec:      	strb	r1, [r4, #0x1d]
 80041ee:      	ldr	r0, [r0, #0x10]
 80041f0:      	str	r1, [r4, #0x34]
 80041f2:      	str	r7, [r3, #0x34]
 80041f4:      	str	r2, [r6, #0x14]
 80041f6:      	ldr	r6, [r5, #0x34]
 80041f8:      	strb	r7, [r3, #0xd]
 80041fa:      	str	r4, [r6, #0x54]
 80041fc:      	strb	r0, [r6, #0xd]
 80041fe:      	ldr	r0, [r0, #0x10]
 8004200:      	str	r1, [r4, #0x34]
 8004202:      	str	r7, [r3, #0x44]
 8004204:      	strb	r1, [r5, #0x9]
 8004206:      	str	r5, [r4, #0x34]
 8004208:      	ldr	r4, [r6, #0x14]
 800420a:      	ldr	r7, [r5, #0x64]
 800420c:      	str	r0, [r0, #0x40]
 800420e:      	str	r7, [r6, #0x54]
 8004210:      	ldr	r4, [r5, #0x44]
 8004212:      	strb	r7, [r3, #0x15]
 8004214:      	lsls	r3, r6, #0x1
 8004216:      	ldr	r6, [r4, #0x14]
 8004218:      	str	r0, [r7, #0x54]
 800421a:      	ldrsh	r4, [r4, r5]
 800421c:      	str	r1, [r5, #0x74]
 800421e:      	ldrsh	r6, [r5, r5]
 8004220:      	str	r4, [r6, #0x54]
 8004222:      	strb	r6, [r5, #0x11]
 8004224:      	strb	r0, [r5, #0xd]
 8004226:      	tst	r0, r0
 8004228:      	ldr	r7, [pc, #0x13c]        @ 0x8004368 <default_fuel+0x5e>
 800422a:      	cmp	r4, #0x54
 800422c:      	ldr	r1, [pc, #0x158]        @ 0x8004388 <default_fuel+0x7e>
 800422e:      	ldr	r0, [pc, #0x12c]        @ 0x800435c <default_fuel+0x52>
 8004230:      	adds	r3, #0x52
 8004232:      	ldrsh	r0, [r6, r4]
 8004234:      	strb	r3, [r2, r1]
 8004236:      	adds	r3, #0x4d
 8004238:      	cmp	r4, #0x32
 800423a:      	ldr	r5, [pc, #0x0]          @ 0x800423c <print_test_event+0x390>
 800423c:      	str	r1, [r0, r1]
 800423e:      	lsls	r3, r2, #0x1
 8004240:      	strh	r5, [r0, r1]
 8004242:      	cmp	r4, #0x52
 8004244:      	ldr	r5, [r6, #0x64]
 8004246:      	ldr	r3, [r5, #0x64]
 8004248:      	strb	r7, [r5, #0x1d]
 800424a:      	ldrsh	r6, [r5, r5]
 800424c:      	ldr	r3, [r4, #0x74]
 800424e:      	ldr	r5, [r5, #0x54]
 8004250:      	ldr	r1, [r4, #0x64]
 8004252:      	lsls	r4, r4, #0x1
 8004254:      	ldr	r7, [pc, #0x108]        @ 0x8004360 <default_fuel+0x56>
 8004256:      	strb	r7, [r1, r1]
 8004258:      	strb	r3, [r2, r1]
 800425a:      	bx	r8
 800425c:      	cmp	r4, #0x45
 800425e:      	ldrsb	r0, [r1, r5]
 8004260:      	strh	r7, [r3, r1]
 8004262:      	adcs	r5, r0
 8004264:      	ldr	r4, [r0, r5]
 8004266:      	str	r0, [r0, r0]
 8004268:      	ldr	r5, [pc, #0x154]        @ 0x80043c0 <default_fuel+0xb6>
 800426a:      	lsls	r0, r2, #0x1
 800426c:      	bx	r9
 800426e:      	lsls	r6, r1, #0x1
 8004270:      	ldr	r3, [pc, #0x13c]        @ 0x80043b0 <default_fuel+0xa6>
 8004272:      	strb	r4, [r5, r0]
 8004274:      	strh	r5, [r0, r5]
 8004276:      	cmp	r4, #0x54
 8004278:      	strb	r3, [r2, r1]
 800427a:      	str	r7, [r1, r1]
 800427c:      	orrs	r0, r0
 800427e:      	cmp	r4, r9
 8004280:      	strh	r1, [r0, r1]
 8004282:      	adcs	r6, r0
 8004284:      	ldr	r4, [pc, #0x154]        @ 0x80043dc <default_fuel+0xd2>
 8004286:      	strh	r4, [r2, r5]
 8004288:      	strb	r0, [r0, r0]
 800428a:      	strh	r5, [r0, r5]
 800428c:      	cmp	r4, #0x54
 800428e:      	bx	r0
 8004290:      	strb	r5, [r0, r1]
 8004292:      	strh	r0, [r0, r4]
 8004294:      	adcs	r4, r2
 8004296:      	strb	r4, [r2, r5]
 8004298:      	lsls	r3, r2, #0x1
 800429a:      	strh	r3, [r0, r1]
 800429c:      	lsls	r3, r0, #0x1
 800429e:      	strh	r5, [r0, r1]
 80042a0:      	cmp	r4, #0x52
 80042a2:      	ldr	r5, [r6, #0x64]
 80042a4:      	ldr	r3, [r5, #0x64]
 80042a6:      	strb	r7, [r5, #0x1d]
 80042a8:      	ldrsh	r6, [r5, r5]
 80042aa:      	str	r0, [r6, #0x14]
 80042ac:      	str	r2, [r6, #0x14]
 80042ae:      	str	r5, [r5, #0x54]
 80042b0:      	str	r4, [r6, #0x54]
 80042b2:      	lsls	r2, r6, #0x1
 80042b4:      	ldr	r7, [pc, #0x120]        @ 0x80043d8 <default_fuel+0xce>
 80042b6:      	cmp	r5, r9
 80042b8:      	adcs	r1, r1
 80042ba:      	lsls	r3, r0, #0x1
 80042bc:      	lsrs	r5, r1, #0x8
 80042be:      	lsls	r4, r1, #0x1
 80042c0:      	ldr	r7, [pc, #0x108]        @ 0x80043cc <default_fuel+0xc2>
 80042c2:      	strb	r7, [r1, r1]
 80042c4:      	strb	r3, [r2, r1]
 80042c6:      	bx	r8
 80042c8:      	cmp	r4, #0x45
 80042ca:      	adcs	r5, r2
 80042cc:      	strb	r2, [r2, r1]
 80042ce:      	strh	r7, [r3, r1]
 80042d0:      	adcs	r5, r0
 80042d2:      	ldr	r4, [r0, r5]
 80042d4:      	ldr	r0, [pc, #0xb0]         @ 0x8004388 <default_fuel+0x7e>
 80042d6:      	ldr	r1, [pc, #0x14c]        @ 0x8004424 <default_ign+0x30>
 80042d8:      	ldrsh	r0, [r7, r4]
 80042da:      	adcs	r6, r0
 80042dc:      	ldr	r4, [pc, #0x130]        @ 0x8004410 <default_ign+0x1c>
 80042de:      	adcs	r2, r0
 80042e0:      	ldr	r3, [pc, #0x10c]        @ 0x80043f0 <default_fuel+0xe6>
 80042e2:      	cmp	r0, r0
 80042e4:      	strh	r2, [r2, r1]
 80042e6:      	ldr	r4, [r5, #0x40]
 80042e8:      	ldr	r1, [r5, #0x64]
 80042ea:      	ldrsh	r5, [r4, r5]
 80042ec:      	ldr	r4, [r6, #0x74]
 80042ee:      	ldrsh	r7, [r5, r5]
 80042f0:      	ldr	r4, [r5, #0x74]
 80042f2:      	str	r6, [r5, #0x74]
 80042f4:      	cmp	r0, r0
 80042f6:      	strh	r2, [r2, r1]
 80042f8:      	str	r4, [r5, #0x20]
 80042fa:      	str	r1, [r4, #0x44]
 80042fc:      	strb	r7, [r3, #0x11]
 80042fe:      	strb	r5, [r4, #0xd]
 8004300:      	lsls	r4, r6, #0x1
 8004302:      	adds	r2, #0x6f
 8004304:      	ldr	r7, [r3, #0x54]
 8004306:      	str	r7, [r5, #0x44]
 8004308:      	lsls	r5, r4, #0x1

0800430a <default_fuel>:
 800430a: 58 07 36 06 be 05 ec 04         X.6.....
 8004312: 7a 03 02 03 02 03 02 03         z.......
 800431a: 02 03 02 03 02 03 02 03         ........
 8004322: 02 03 8a 07 86 06 0e 06         ........
 800432a: 82 05 88 04 24 04 1a 04         ....$...
 8004332: 06 04 fc 03 fc 03 e8 03         ........
 800433a: de 03 c0 03 d0 07 fe 06         ........
 8004342: 86 06 54 06 18 06 dc 05         ..T.....
 800434a: be 05 8c 05 78 05 64 05         ....x.d.
 8004352: 46 05 1e 05 e2 04 66 08         F.....f.
 800435a: d0 07 76 07 3a 07 1c 07         ..v.:...
 8004362: ea 06 d6 06 c2 06 ae 06         ........
 800436a: a4 06 86 06 68 06 36 06         ....h.6.
 8004372: 6a 09 e8 08 98 08 66 08         j.....f.
 800437a: 52 08 48 08 48 08 3e 08         R.H.H.>.
 8004382: 2a 08 16 08 02 08 e4 07         *.......
 800438a: b2 07 5a 0a 00 0a c4 09         ..Z.....
 8004392: b0 09 b0 09 b0 09 c4 09         ........
 800439a: c4 09 ba 09 9c 09 7e 09         ......~.
 80043a2: 60 09 24 09 86 0b 36 0b         `.$...6.
 80043aa: 18 0b 0e 0b 22 0b 4a 0b         ....".J.
 80043b2: 68 0b 7c 0b 68 0b 36 0b         h.|.h.6.
 80043ba: 18 0b fa 0a be 0a 76 0c         ......v.
 80043c2: 44 0c 30 0c 26 0c 4e 0c         D.0.&.N.
 80043ca: 80 0c a8 0c b2 0c a8 0c         ........
 80043d2: 76 0c 58 0c 44 0c fe 0b         v.X.D...
 80043da: 5c 0d 34 0d 20 0d 2a 0d         \.4. .*.
 80043e2: 52 0d 70 0d 8e 0d 7a 0d         R.p...z.
 80043ea: 52 0d f8 0c e4 0c b2 0c         R.......
 80043f2: 6c 0c                           l.

080043f4 <default_ign>:
 80043f4: 32 00 64 00 8c 00 b4 00         2.d.....
 80043fc: dc 00 04 01 18 01 18 01         ........
 8004404: 0e 01 fa 00 f0 00 dc 00         ........
 800440c: c8 00 32 00 64 00 8c 00         ..2.d...
 8004414: b4 00 e0 00 08 01 1c 01         ........
 800441c: 1c 01 12 01 fe 00 f0 00         ........
 8004424: dc 00 c8 00 32 00 64 00         ....2.d.
 800442c: 8c 00 b4 00 e6 00 0e 01         ........
 8004434: 22 01 22 01 18 01 04 01         ".".....
 800443c: f0 00 dc 00 c8 00 32 00         ......2.
 8004444: 5a 00 82 00 b4 00 e6 00         Z.......
 800444c: 0e 01 22 01 22 01 18 01         .."."...
 8004454: 04 01 f0 00 dc 00 c8 00         ........
 800445c: 32 00 5a 00 82 00 aa 00         2.Z.....
 8004464: dc 00 04 01 18 01 18 01         ........
 800446c: 0e 01 fa 00 e6 00 d2 00         ........
 8004474: be 00 32 00 50 00 78 00         ..2.P.x.
 800447c: aa 00 d2 00 fa 00 0e 01         ........
 8004484: 0e 01 04 01 f0 00 dc 00         ........
 800448c: c8 00 b4 00 32 00 50 00         ....2.P.
 8004494: 78 00 a0 00 d0 00 f8 00         x.......
 800449c: 0c 01 0c 01 02 01 ee 00         ........
 80044a4: da 00 bc 00 a8 00 32 00         ......2.
 80044ac: 50 00 78 00 a0 00 c8 00         P.x.....
 80044b4: f0 00 04 01 04 01 fa 00         ........
 80044bc: e6 00 d2 00 b4 00 a0 00         ........
 80044c4: 32 00 50 00 78 00 a0 00         2.P.x...
 80044cc: c8 00 f0 00 04 01 04 01         ........
 80044d4: fa 00 e6 00 d2 00 b4 00         ........
 80044dc: a0 00                           ..

080044de <cht_table>:
 80044de: a0 0f 38 ff 57 0f 9c ff         ..8.W...
 80044e6: e5 0e 00 00 3d 0e 64 00         ....=.d.
 80044ee: 58 0d c8 00 36 0c 2c 01         X...6.,.
 80044f6: e2 0a 90 01 71 09 f4 01         ....q...
 80044fe: fe 07 58 02 a0 06 bc 02         ..X.....
 8004506: 67 05 20 03 5d 04 84 03         g. .]...
 800450e: 80 03 e8 03 ce 02 4c 04         ......L.
 8004516: 3f 02 b0 04 cf 01 14 05         ?.......
 800451e: 76 01 78 05                     v.x.

08004522 <iat_table>:
 8004522: e6 0d 38 ff be 0c 9c ff         ..8.....
 800452a: 4d 0b 00 00 ad 09 64 00         M.....d.
 8004532: 04 08 c8 00 75 06 2c 01         ....u.,.
 800453a: 1a 05 90 01 fb 03 f4 01         ........
 8004542: 17 03 58 02 66 02 bc 02         ..X.f...
 800454a: de 01 20 03 76 01 84 03         .. .v...
 8004552: 27 01 e8 03 eb 00 4c 04         '.....L.
 800455a: bc 00 b0 04 98 00 14 05         ........
 8004562: 7c 00 78 05                     |.x.

08004566 <rpm_bins>:
 8004566: 58 02 84 03 b0 04 40 06         X.....@.
 800456e: 98 08 b8 0b d8 0e 94 11         ........
 8004576: 88 13 7c 15 70 17 58 1b         ..|.p.X.
 800457e: 40 1f                           @.

08004580 <load_bins>:
 8004580: 00 00 14 00 32 00 64 00         ....2.d.
 8004588: c8 00 5e 01 26 02 ee 02         ..^.&...
 8004590: e8 03                           ..

08004592 <warmup_permille.t>:
 8004592: 9c ff 00 00 c8 00 90 01         ........
 800459a: 58 02 ee 02                     X...

0800459e <warmup_permille.f>:
 800459e: aa 05 46 05 b0 04 4c 04         ..F...L.
 80045a6: 06 04 e8 03                     ....

080045aa <injector_deadtime.vb>:
 80045aa: 40 1f 28 23 10 27 f8 2a         @.(#.'.*
 80045b2: e0 2e c8 32 b0 36 98 3a         ...2.6.:
 80045ba: 80 3e                           .>

080045bc <injector_deadtime.dt>:
 80045bc: 9f 07 1f 06 fd 04 40 04         ......@.
 80045c4: 6c 03 d6 02 89 02 2b 02         l.....+.
 80045cc: eb 01                           ..

080045ce <coil_dwell.vb>:
 80045ce: 40 1f 10 27 e0 2e e8 35         @..'...5
 80045d6: a4 38 80 3e                     .8.>

080045da <coil_dwell.fp>:
 80045da: dc 05 d8 04 60 04 e8 03         ....`...
 80045e2: e8 03 ac 03                     ....

080045e6 <iac_pattern>:
 80045e6: 01 00 00 00 00 00 01 00         ........
 80045ee: 00 01 00 00 00 00 00 01         ........
 80045f6: d4 d4                           ..

080045f8 <.Lswitch.table.sched_run>:
 80045f8: 01 00 00 00 00 00 01 00         ........
 8004600: 02 00 00 00 00 00 02 00         ........
 8004608: 00 00 00 04                     ....

0800460c <.Lswitch.table.print_test_event>:
 800460c: 67 42 00 08 e8 3f 00 08         gB...?..
 8004614: 6c 40 00 08 79 41 00 08         l@..yA..
 800461c: ba 3f 00 08 5f 3f 00 08         .?.._?..
 8004624: 30 41 00 08                     0A..
